-- Crear schema
CREATE SCHEMA IF NOT EXISTS schema_otg3;

-- ========================
-- regions
-- ========================
CREATE TABLE schema_otg3.regions (
    region_id BIGINT GENERATED BY DEFAULT AS IDENTITY (START WITH 5)
        PRIMARY KEY,
    region_name VARCHAR(50) NOT NULL
) TABLESPACE datos;

-- ========================
-- countries
-- ========================
CREATE TABLE schema_otg3.countries (
    country_id CHAR(2) PRIMARY KEY,
    country_name VARCHAR(40) NOT NULL,
    region_id BIGINT,
    CONSTRAINT fk_countries_regions FOREIGN KEY(region_id)
        REFERENCES schema_otg3.regions(region_id)
        ON DELETE CASCADE
) TABLESPACE datos;

-- ========================
-- locations
-- ========================
CREATE TABLE schema_otg3.locations (
    location_id BIGINT GENERATED BY DEFAULT AS IDENTITY (START WITH 24)
        PRIMARY KEY,
    address VARCHAR(255) NOT NULL,
    postal_code VARCHAR(20),
    city VARCHAR(50),
    state VARCHAR(50),
    country_id CHAR(2),
    CONSTRAINT fk_locations_countries FOREIGN KEY(country_id)
        REFERENCES schema_otg3.countries(country_id)
        ON DELETE CASCADE
) TABLESPACE datos;

-- ========================
-- warehouses
-- ========================
CREATE TABLE schema_otg3.warehouses (
    warehouse_id BIGINT GENERATED BY DEFAULT AS IDENTITY (START WITH 10)
        PRIMARY KEY,
    warehouse_name VARCHAR(255),
    location_id BIGINT,
    CONSTRAINT fk_warehouses_locations FOREIGN KEY(location_id)
        REFERENCES schema_otg3.locations(location_id)
        ON DELETE CASCADE
) TABLESPACE datos;

-- ========================
-- employees
-- ========================
CREATE TABLE schema_otg3.employees (
    employee_id BIGINT GENERATED BY DEFAULT AS IDENTITY (START WITH 108)
        PRIMARY KEY,
    first_name VARCHAR(255) NOT NULL,
    last_name VARCHAR(255) NOT NULL,
    email VARCHAR(255) NOT NULL,
    phone VARCHAR(50) NOT NULL,
    hire_date DATE NOT NULL,
    manager_id BIGINT,
    job_title VARCHAR(255) NOT NULL,
    CONSTRAINT fk_employees_manager FOREIGN KEY(manager_id)
        REFERENCES schema_otg3.employees(employee_id)
        ON DELETE CASCADE
) TABLESPACE datos;

-- ========================
-- product_categories
-- ========================
CREATE TABLE schema_otg3.product_categories (
    category_id BIGINT GENERATED BY DEFAULT AS IDENTITY (START WITH 6)
        PRIMARY KEY,
    category_name VARCHAR(255) NOT NULL
) TABLESPACE datos;

-- ========================
-- products
-- ========================
CREATE TABLE schema_otg3.products (
    product_id BIGINT GENERATED BY DEFAULT AS IDENTITY (START WITH 289)
        PRIMARY KEY,
    product_name VARCHAR(255) NOT NULL,
    description VARCHAR(2000),
    standard_cost NUMERIC(9,2),
    list_price NUMERIC(9,2),
    category_id BIGINT NOT NULL,
    CONSTRAINT fk_products_categories FOREIGN KEY(category_id)
        REFERENCES schema_otg3.product_categories(category_id)
        ON DELETE CASCADE
) TABLESPACE datos;

-- ========================
-- customers
-- ========================
CREATE TABLE schema_otg3.customers (
    customer_id BIGINT GENERATED BY DEFAULT AS IDENTITY (START WITH 320)
        PRIMARY KEY,
    name VARCHAR(255) NOT NULL,
    address VARCHAR(255),
    website VARCHAR(255),
    credit_limit NUMERIC(8,2)
) TABLESPACE datos;

-- ========================
-- contacts
-- ========================
CREATE TABLE schema_otg3.contacts (
    contact_id BIGINT GENERATED BY DEFAULT AS IDENTITY (START WITH 320)
        PRIMARY KEY,
    first_name VARCHAR(255) NOT NULL,
    last_name VARCHAR(255) NOT NULL,
    email VARCHAR(255) NOT NULL,
    phone VARCHAR(20),
    customer_id BIGINT,
    CONSTRAINT fk_contacts_customers FOREIGN KEY(customer_id)
        REFERENCES schema_otg3.customers(customer_id)
        ON DELETE CASCADE
) TABLESPACE datos;

-- ========================
-- orders
-- ========================
CREATE TABLE schema_otg3.orders (
    order_id BIGINT GENERATED BY DEFAULT AS IDENTITY (START WITH 106)
        PRIMARY KEY,
    customer_id BIGINT NOT NULL,
    status VARCHAR(20) NOT NULL,
    salesman_id BIGINT,
    order_date DATE NOT NULL,
    CONSTRAINT fk_orders_customers FOREIGN KEY(customer_id)
        REFERENCES schema_otg3.customers(customer_id)
        ON DELETE CASCADE,
    CONSTRAINT fk_orders_employees FOREIGN KEY(salesman_id)
        REFERENCES schema_otg3.employees(employee_id)
        ON DELETE SET NULL
) TABLESPACE datos;

-- ========================
-- order_items
-- ========================
CREATE TABLE schema_otg3.order_items (
    order_id BIGINT NOT NULL,
    item_id BIGINT NOT NULL,
    product_id BIGINT NOT NULL,
    quantity NUMERIC(8,2) NOT NULL,
    unit_price NUMERIC(8,2) NOT NULL,
    CONSTRAINT pk_order_items PRIMARY KEY(order_id, item_id),
    CONSTRAINT fk_order_items_products FOREIGN KEY(product_id)
        REFERENCES schema_otg3.products(product_id)
        ON DELETE CASCADE,
    CONSTRAINT fk_order_items_orders FOREIGN KEY(order_id)
        REFERENCES schema_otg3.orders(order_id)
        ON DELETE CASCADE
) TABLESPACE datos;

-- ========================
-- inventories
-- ========================
CREATE TABLE schema_otg3.inventories (
    product_id BIGINT NOT NULL,
    warehouse_id BIGINT NOT NULL,
    quantity BIGINT NOT NULL,
    CONSTRAINT pk_inventories PRIMARY KEY(product_id, warehouse_id),
    CONSTRAINT fk_inventories_products FOREIGN KEY(product_id)
        REFERENCES schema_otg3.products(product_id)
        ON DELETE CASCADE,
    CONSTRAINT fk_inventories_warehouses FOREIGN KEY(warehouse_id)
        REFERENCES schema_otg3.warehouses(warehouse_id)
        ON DELETE CASCADE
) TABLESPACE datos;

-- ========================
-- Insert data into REGIONS
-- ========================
INSERT INTO schema_otg3.regions (region_id, region_name) VALUES (1,'Europe');
INSERT INTO schema_otg3.regions (region_id, region_name) VALUES (2,'Americas');
INSERT INTO schema_otg3.regions (region_id, region_name) VALUES (3,'Asia');
INSERT INTO schema_otg3.regions (region_id, region_name) VALUES (4,'Middle East and Africa');

-- ========================
-- Insert data into COUNTRIES
-- ========================
INSERT INTO schema_otg3.countries (country_id, country_name, region_id) VALUES ('AR','Argentina',2);
INSERT INTO schema_otg3.countries (country_id, country_name, region_id) VALUES ('AU','Australia',3);
INSERT INTO schema_otg3.countries (country_id, country_name, region_id) VALUES ('BE','Belgium',1);
INSERT INTO schema_otg3.countries (country_id, country_name, region_id) VALUES ('BR','Brazil',2);
INSERT INTO schema_otg3.countries (country_id, country_name, region_id) VALUES ('CA','Canada',2);
INSERT INTO schema_otg3.countries (country_id, country_name, region_id) VALUES ('CH','Switzerland',1);
INSERT INTO schema_otg3.countries (country_id, country_name, region_id) VALUES ('CN','China',3);
INSERT INTO schema_otg3.countries (country_id, country_name, region_id) VALUES ('DE','Germany',1);
INSERT INTO schema_otg3.countries (country_id, country_name, region_id) VALUES ('DK','Denmark',1);
INSERT INTO schema_otg3.countries (country_id, country_name, region_id) VALUES ('EG','Egypt',4);
INSERT INTO schema_otg3.countries (country_id, country_name, region_id) VALUES ('FR','France',1);
INSERT INTO schema_otg3.countries (country_id, country_name, region_id) VALUES ('IL','Israel',4);
INSERT INTO schema_otg3.countries (country_id, country_name, region_id) VALUES ('IN','India',3);
INSERT INTO schema_otg3.countries (country_id, country_name, region_id) VALUES ('IT','Italy',1);
INSERT INTO schema_otg3.countries (country_id, country_name, region_id) VALUES ('JP','Japan',3);
INSERT INTO schema_otg3.countries (country_id, country_name, region_id) VALUES ('KW','Kuwait',4);
INSERT INTO schema_otg3.countries (country_id, country_name, region_id) VALUES ('ML','Malaysia',3);
INSERT INTO schema_otg3.countries (country_id, country_name, region_id) VALUES ('MX','Mexico',2);
INSERT INTO schema_otg3.countries (country_id, country_name, region_id) VALUES ('NG','Nigeria',4);
INSERT INTO schema_otg3.countries (country_id, country_name, region_id) VALUES ('NL','Netherlands',1);
INSERT INTO schema_otg3.countries (country_id, country_name, region_id) VALUES ('SG','Singapore',3);
INSERT INTO schema_otg3.countries (country_id, country_name, region_id) VALUES ('UK','United Kingdom',1);
INSERT INTO schema_otg3.countries (country_id, country_name, region_id) VALUES ('US','United States of America',2);
INSERT INTO schema_otg3.countries (country_id, country_name, region_id) VALUES ('ZM','Zambia',4);
INSERT INTO schema_otg3.countries (country_id, country_name, region_id) VALUES ('ZW','Zimbabwe',4);

-- ========================
-- Insert data into LOCATIONS
-- ========================
INSERT INTO schema_otg3.locations (location_id,address,postal_code,city,state,country_id) VALUES (1,'1297 Via Cola di Rie','00989','Roma',NULL,'IT');
INSERT INTO schema_otg3.locations (location_id,address,postal_code,city,state,country_id) VALUES (2,'93091 Calle della Testa','10934','Venice',NULL,'IT');
INSERT INTO schema_otg3.locations (location_id,address,postal_code,city,state,country_id) VALUES (3,'2017 Shinjuku-ku','1689','Tokyo','Tokyo Prefecture','JP');
INSERT INTO schema_otg3.locations (location_id,address,postal_code,city,state,country_id) VALUES (4,'9450 Kamiya-cho','6823','Hiroshima',NULL,'JP');
INSERT INTO schema_otg3.locations (location_id,address,postal_code,city,state,country_id) VALUES (5,'2014 Jabberwocky Rd','26192','Southlake','Texas','US');
INSERT INTO schema_otg3.locations (location_id,address,postal_code,city,state,country_id) VALUES (6,'2011 Interiors Blvd','99236','South San Francisco','California','US');
INSERT INTO schema_otg3.locations (location_id,address,postal_code,city,state,country_id) VALUES (7,'2007 Zagora St','50090','South Brunswick','New Jersey','US');
INSERT INTO schema_otg3.locations (location_id,address,postal_code,city,state,country_id) VALUES (8,'2004 Charade Rd','98199','Seattle','Washington','US');
INSERT INTO schema_otg3.locations (location_id,address,postal_code,city,state,country_id) VALUES (9,'147 Spadina Ave','M5V 2L7','Toronto','Ontario','CA');
INSERT INTO schema_otg3.locations (location_id,address,postal_code,city,state,country_id) VALUES (10,'6092 Boxwood St','YSW 9T2','Whitehorse','Yukon','CA');
INSERT INTO schema_otg3.locations (location_id,address,postal_code,city,state,country_id) VALUES (11,'40-5-12 Laogianggen','190518','Beijing',NULL,'CN');
INSERT INTO schema_otg3.locations (location_id,address,postal_code,city,state,country_id) VALUES (12,'1298 Vileparle (E)','490231','Bombay','Maharashtra','IN');
INSERT INTO schema_otg3.locations (location_id,address,postal_code,city,state,country_id) VALUES (13,'12-98 Victoria Street','2901','Sydney','New South Wales','AU');
INSERT INTO schema_otg3.locations (location_id,address,postal_code,city,state,country_id) VALUES (14,'198 Clementi North','540198','Singapore',NULL,'SG');
INSERT INTO schema_otg3.locations (location_id,address,postal_code,city,state,country_id) VALUES (15,'8204 Arthur St',NULL,'London',NULL,'UK');
INSERT INTO schema_otg3.locations (location_id,address,postal_code,city,state,country_id) VALUES (16,'Magdalen Centre, The Oxford Science Park','OX9 9ZB','Oxford','Oxford','UK');
INSERT INTO schema_otg3.locations (location_id,address,postal_code,city,state,country_id) VALUES (17,'9702 Chester Road','09629850293','Stretford','Manchester','UK');
INSERT INTO schema_otg3.locations (location_id,address,postal_code,city,state,country_id) VALUES (18,'Schwanthalerstr. 7031','80925','Munich','Bavaria','DE');
INSERT INTO schema_otg3.locations (location_id,address,postal_code,city,state,country_id) VALUES (19,'Rua Frei Caneca 1360 ','01307-002','Sao Paulo','Sao Paulo','BR');
INSERT INTO schema_otg3.locations (location_id,address,postal_code,city,state,country_id) VALUES (20,'20 Rue des Corps-Saints','1730','Geneva','Geneve','CH');
INSERT INTO schema_otg3.locations (location_id,address,postal_code,city,state,country_id) VALUES (21,'Murtenstrasse 921','3095','Bern','BE','CH');
INSERT INTO schema_otg3.locations (location_id,address,postal_code,city,state,country_id) VALUES (22,'Pieter Breughelstraat 837','3029SK','Utrecht','Utrecht','NL');
INSERT INTO schema_otg3.locations (location_id,address,postal_code,city,state,country_id) VALUES (23,'Mariano Escobedo 9991','11932','Mexico City','Distrito Federal,','MX');

-- ========================
-- Insert data into WAREHOUSES
-- ========================
INSERT INTO schema_otg3.warehouses (warehouse_id,warehouse_name,location_id) VALUES (1,'Southlake, Texas',5);
INSERT INTO schema_otg3.warehouses (warehouse_id,warehouse_name,location_id) VALUES (2,'San Francisco',6);
INSERT INTO schema_otg3.warehouses (warehouse_id,warehouse_name,location_id) VALUES (3,'New Jersey',7);
INSERT INTO schema_otg3.warehouses (warehouse_id,warehouse_name,location_id) VALUES (4,'Seattle, Washington',8);
INSERT INTO schema_otg3.warehouses (warehouse_id,warehouse_name,location_id) VALUES (5,'Toronto',9);
INSERT INTO schema_otg3.warehouses (warehouse_id,warehouse_name,location_id) VALUES (6,'Sydney',13);
INSERT INTO schema_otg3.warehouses (warehouse_id,warehouse_name,location_id) VALUES (7,'Mexico City',23);
INSERT INTO schema_otg3.warehouses (warehouse_id,warehouse_name,location_id) VALUES (8,'Beijing',11);
INSERT INTO schema_otg3.warehouses (warehouse_id,warehouse_name,location_id) VALUES (9,'Bombay',12);

-- =====================
-- INSERT CUSTOMERS
-- =====================
INSERT INTO schema_otg3.CUSTOMERS (CUSTOMER_ID,NAME,ADDRESS,CREDIT_LIMIT,WEBSITE) VALUES (177,'United Continental Holdings','2904 S Salina St, Syracuse, NY',5000,'http://www.unitedcontinentalholdings.com');
INSERT INTO schema_otg3.CUSTOMERS (CUSTOMER_ID,NAME,ADDRESS,CREDIT_LIMIT,WEBSITE) VALUES (180,'INTL FCStone','5344 Haverford Ave, Philadelphia, PA',5000,'http://www.intlfcstone.com');
INSERT INTO schema_otg3.CUSTOMERS (CUSTOMER_ID,NAME,ADDRESS,CREDIT_LIMIT,WEBSITE) VALUES (184,'Publix Super Markets','1795 Wu Meng, Muang Chonburi, ',1200,'http://www.publix.com');
INSERT INTO schema_otg3.CUSTOMERS (CUSTOMER_ID,NAME,ADDRESS,CREDIT_LIMIT,WEBSITE) VALUES (187,'ConocoPhillips','Walpurgisstr 69, Munich, ',2400,'http://www.conocophillips.com');
INSERT INTO schema_otg3.CUSTOMERS (CUSTOMER_ID,NAME,ADDRESS,CREDIT_LIMIT,WEBSITE) VALUES (190,'3M','Via Frenzy 6903, Roma, ',1200,'http://www.3m.com');
INSERT INTO schema_otg3.CUSTOMERS (CUSTOMER_ID,NAME,ADDRESS,CREDIT_LIMIT,WEBSITE) VALUES (192,'Exelon','Via Luminosa 162, Firenze, ',500,'http://www.exeloncorp.com');
INSERT INTO schema_otg3.CUSTOMERS (CUSTOMER_ID,NAME,ADDRESS,CREDIT_LIMIT,WEBSITE) VALUES (208,'Tesoro','Via Notoriosa 1942, Firenze, ',500,'http://www.tsocorp.com');
INSERT INTO schema_otg3.CUSTOMERS (CUSTOMER_ID,NAME,ADDRESS,CREDIT_LIMIT,WEBSITE) VALUES (207,'Northwestern Mutual','1831 No Wong, Peking, ',3600,'http://www.northwesternmutual.com');
INSERT INTO schema_otg3.CUSTOMERS (CUSTOMER_ID,NAME,ADDRESS,CREDIT_LIMIT,WEBSITE) VALUES (200,'Enterprise Products Partners','Via Notoriosa 1949, Firenze, ',2400,'http://www.enterpriseproducts.com');
INSERT INTO schema_otg3.CUSTOMERS (CUSTOMER_ID,NAME,ADDRESS,CREDIT_LIMIT,WEBSITE) VALUES (204,'Rite Aid','Piazza Cacchiatore 23, San Giminiano, ',3600,'http://www.riteaid.com');
INSERT INTO schema_otg3.CUSTOMERS (CUSTOMER_ID,NAME,ADDRESS,CREDIT_LIMIT,WEBSITE) VALUES (212,'Qualcomm','Piazza Svizzera, Milano, ',500,'http://www.qualcomm.com');
INSERT INTO schema_otg3.CUSTOMERS (CUSTOMER_ID,NAME,ADDRESS,CREDIT_LIMIT,WEBSITE) VALUES (216,'EMC','Via Delle Grazie 11, San Giminiano, ',700,'http://www.emc.com');
INSERT INTO schema_otg3.CUSTOMERS (CUSTOMER_ID,NAME,ADDRESS,CREDIT_LIMIT,WEBSITE) VALUES (220,'Time Warner Cable','1597 Legend St, Mysore, Kar',3700,'http://www.twc.com');
INSERT INTO schema_otg3.CUSTOMERS (CUSTOMER_ID,NAME,ADDRESS,CREDIT_LIMIT,WEBSITE) VALUES (223,'Northrop Grumman','1606 Sangam Blvd, New Delhi, ',5000,'http://www.northropgrumman.com');
INSERT INTO schema_otg3.CUSTOMERS (CUSTOMER_ID,NAME,ADDRESS,CREDIT_LIMIT,WEBSITE) VALUES (39,'Lear','2115 N Towne Ln Ne, Cedar Rapids, IA',500,'http://www.lear.com');
INSERT INTO schema_otg3.CUSTOMERS (CUSTOMER_ID,NAME,ADDRESS,CREDIT_LIMIT,WEBSITE) VALUES (43,'Facebook','5112 Sw 9Th St, Des Moines, IA',500,'http://www.facebook.com');
INSERT INTO schema_otg3.CUSTOMERS (CUSTOMER_ID,NAME,ADDRESS,CREDIT_LIMIT,WEBSITE) VALUES (46,'Supervalu','8989 N Port Washington Rd, Milwaukee, WI',500,'http://www.supervalu.com');
INSERT INTO schema_otg3.CUSTOMERS (CUSTOMER_ID,NAME,ADDRESS,CREDIT_LIMIT,WEBSITE) VALUES (49,'NextEra Energy','4715 Sprecher Rd, Madison, WI',600,'http://www.nexteraenergy.com');
INSERT INTO schema_otg3.CUSTOMERS (CUSTOMER_ID,NAME,ADDRESS,CREDIT_LIMIT,WEBSITE) VALUES (52,'PG&E Corp.','8600 W National Ave, Milwaukee, WI',700,'http://www.pge.com');
INSERT INTO schema_otg3.CUSTOMERS (CUSTOMER_ID,NAME,ADDRESS,CREDIT_LIMIT,WEBSITE) VALUES (55,'Goodyear Tire & Rubber','600 N Broadway Fl 1, Milwaukee, WI',700,'http://www.goodyear.com');
INSERT INTO schema_otg3.CUSTOMERS (CUSTOMER_ID,NAME,ADDRESS,CREDIT_LIMIT,WEBSITE) VALUES (59,'Micron Technology','411 E Wisconsin Ave # 2550, Milwaukee, WI',700,'http://www.micron.com');
INSERT INTO schema_otg3.CUSTOMERS (CUSTOMER_ID,NAME,ADDRESS,CREDIT_LIMIT,WEBSITE) VALUES (62,'ConAgra Foods','122 E Dayton St, Madison, WI',900,'http://www.conagrafoods.com');
INSERT INTO schema_otg3.CUSTOMERS (CUSTOMER_ID,NAME,ADDRESS,CREDIT_LIMIT,WEBSITE) VALUES (66,'Bank of New York Mellon Corp.','666 22Nd Ave Ne, Minneapolis, MN',1200,'http://www.bnymellon.com');
INSERT INTO schema_otg3.CUSTOMERS (CUSTOMER_ID,NAME,ADDRESS,CREDIT_LIMIT,WEBSITE) VALUES (71,'Genuine Parts','200 1St St Sw, Rochester, MN',1200,'http://www.genpt.com');
INSERT INTO schema_otg3.CUSTOMERS (CUSTOMER_ID,NAME,ADDRESS,CREDIT_LIMIT,WEBSITE) VALUES (75,'Omnicom Group','2134 W Genesee St, Syracuse, NY',1200,'http://www.omnicomgroup.com');
INSERT INTO schema_otg3.CUSTOMERS (CUSTOMER_ID,NAME,ADDRESS,CREDIT_LIMIT,WEBSITE) VALUES (79,'Monsanto','137 Lark St, Albany, NY',1200,'http://www.monsanto.com');
INSERT INTO schema_otg3.CUSTOMERS (CUSTOMER_ID,NAME,ADDRESS,CREDIT_LIMIT,WEBSITE) VALUES (83,'National Oilwell Varco','1 Palisade Ave Fl 2, Yonkers, NY',1200,'http://www.nov.com');
INSERT INTO schema_otg3.CUSTOMERS (CUSTOMER_ID,NAME,ADDRESS,CREDIT_LIMIT,WEBSITE) VALUES (86,'Marriott International','Po Box 2152, Buffalo, NY',1200,'http://www.marriott.com');
INSERT INTO schema_otg3.CUSTOMERS (CUSTOMER_ID,NAME,ADDRESS,CREDIT_LIMIT,WEBSITE) VALUES (228,'Kinder Morgan','1614 Gitanjali Rd, Calcutta, ',5000,'http://www.kindermorgan.com');
INSERT INTO schema_otg3.CUSTOMERS (CUSTOMER_ID,NAME,ADDRESS,CREDIT_LIMIT,WEBSITE) VALUES (231,'Molina Healthcare','1617 Crackers St, Bangalore - India, Kar',300,'http://www.molinahealthcare.com');
INSERT INTO schema_otg3.CUSTOMERS (CUSTOMER_ID,NAME,ADDRESS,CREDIT_LIMIT,WEBSITE) VALUES (235,'Lincoln National','1622 Roja St, Chennai, Tam',5000,'http://www.lfg.com');
INSERT INTO schema_otg3.CUSTOMERS (CUSTOMER_ID,NAME,ADDRESS,CREDIT_LIMIT,WEBSITE) VALUES (238,'C.H. Robinson Worldwide','1628 Pataudi St, New Delhi, ',1900,'http://www.chrobinson.com');
INSERT INTO schema_otg3.CUSTOMERS (CUSTOMER_ID,NAME,ADDRESS,CREDIT_LIMIT,WEBSITE) VALUES (242,'Synnex','1647 Suspense St, Cochin, Ker',500,'http://www.synnex.com');
INSERT INTO schema_otg3.CUSTOMERS (CUSTOMER_ID,NAME,ADDRESS,CREDIT_LIMIT,WEBSITE) VALUES (245,'HollyFrontier','1656 Veterans Rd, Chennai, Tam',2500,'http://www.hollyfrontier.com');
INSERT INTO schema_otg3.CUSTOMERS (CUSTOMER_ID,NAME,ADDRESS,CREDIT_LIMIT,WEBSITE) VALUES (249,'PBF Energy','Piazza Quattre Stagioni 4, Roma, ',3700,'http://www.pbfenergy.com');
INSERT INTO schema_otg3.CUSTOMERS (CUSTOMER_ID,NAME,ADDRESS,CREDIT_LIMIT,WEBSITE) VALUES (255,'Waste Management','Via Di Firenze 231, Roma, ',2400,'http://www.wm.com');
INSERT INTO schema_otg3.CUSTOMERS (CUSTOMER_ID,NAME,ADDRESS,CREDIT_LIMIT,WEBSITE) VALUES (259,'Parker-Hannifin','Canale Grande 2, Roma, ',700,'http://www.parker.com');
INSERT INTO schema_otg3.CUSTOMERS (CUSTOMER_ID,NAME,ADDRESS,CREDIT_LIMIT,WEBSITE) VALUES (263,'Farmers Insurance Exchange','Via Dello Croce 93, Tellaro, ',100,'http://www.farmers.com');
INSERT INTO schema_otg3.CUSTOMERS (CUSTOMER_ID,NAME,ADDRESS,CREDIT_LIMIT,WEBSITE) VALUES (268,'VF','1971 Limelight Blvd, Samutprakarn, ',1200,'http://www.vfc.com');
INSERT INTO schema_otg3.CUSTOMERS (CUSTOMER_ID,NAME,ADDRESS,CREDIT_LIMIT,WEBSITE) VALUES (313,'Hertz Global Holdings','1616 Crackers Blvd, Bangalore - India, Kar',5000,'http://www.hertz.com');
INSERT INTO schema_otg3.CUSTOMERS (CUSTOMER_ID,NAME,ADDRESS,CREDIT_LIMIT,WEBSITE) VALUES (319,'BB&T Corp.','1668 Chong Tao, Beijing, ',200,'http://www.bbt.com');
INSERT INTO schema_otg3.CUSTOMERS (CUSTOMER_ID,NAME,ADDRESS,CREDIT_LIMIT,WEBSITE) VALUES (32,'Global Partners','1135 Catherine St, Ann Arbor, MI',400,'http://www.globalp.com');
INSERT INTO schema_otg3.CUSTOMERS (CUSTOMER_ID,NAME,ADDRESS,CREDIT_LIMIT,WEBSITE) VALUES (63,'Sempra Energy','633 S Hawley Rd, Milwaukee, WI',900,'http://www.sempra.com');
INSERT INTO schema_otg3.CUSTOMERS (CUSTOMER_ID,NAME,ADDRESS,CREDIT_LIMIT,WEBSITE) VALUES (78,'Precision Castparts','726 Union St, Hudson, NY',1200,'http://www.precast.com');
INSERT INTO schema_otg3.CUSTOMERS (CUSTOMER_ID,NAME,ADDRESS,CREDIT_LIMIT,WEBSITE) VALUES (111,'W.W. Grainger','378 S Negley Ave, Pittsburgh, PA',1500,'http://www.grainger.com');
INSERT INTO schema_otg3.CUSTOMERS (CUSTOMER_ID,NAME,ADDRESS,CREDIT_LIMIT,WEBSITE) VALUES (125,'Air Products & Chemicals','612 Jefferson Ave, Scranton, PA',2300,'http://www.airproducts.com');
INSERT INTO schema_otg3.CUSTOMERS (CUSTOMER_ID,NAME,ADDRESS,CREDIT_LIMIT,WEBSITE) VALUES (163,'Charter Communications','802 North Ave, Pittsburgh, PA',3600,'http://www.charter.com');
INSERT INTO schema_otg3.CUSTOMERS (CUSTOMER_ID,NAME,ADDRESS,CREDIT_LIMIT,WEBSITE) VALUES (195,'Applied Materials','Via Dolorosa 69, Tellaro, ',700,'http://www.appliedmaterials.com');
INSERT INTO schema_otg3.CUSTOMERS (CUSTOMER_ID,NAME,ADDRESS,CREDIT_LIMIT,WEBSITE) VALUES (206,'Ally Financial','Via Notoriosa 1949, Ventimiglia, ',3600,'http://www.ally.com');
INSERT INTO schema_otg3.CUSTOMERS (CUSTOMER_ID,NAME,ADDRESS,CREDIT_LIMIT,WEBSITE) VALUES (218,'Lennar','1592 Silverado St, Bangalore, Kar',700,'http://www.lennar.com');
INSERT INTO schema_otg3.CUSTOMERS (CUSTOMER_ID,NAME,ADDRESS,CREDIT_LIMIT,WEBSITE) VALUES (243,'Hormel Foods','1648 Anamika St, Cochin, Ker',500,'http://www.hormelfoods.com');
INSERT INTO schema_otg3.CUSTOMERS (CUSTOMER_ID,NAME,ADDRESS,CREDIT_LIMIT,WEBSITE) VALUES (254,'PayPal Holdings','Via Dello Croce 93, Roma, ',1200,'http://www.paypal.com');
INSERT INTO schema_otg3.CUSTOMERS (CUSTOMER_ID,NAME,ADDRESS,CREDIT_LIMIT,WEBSITE) VALUES (266,'Autoliv','Via Delle Capeletti 52, San Giminiano, ',400,'http://www.autoliv.com');
INSERT INTO schema_otg3.CUSTOMERS (CUSTOMER_ID,NAME,ADDRESS,CREDIT_LIMIT,WEBSITE) VALUES (294,'Corning','Pfannenstilstr 13, Egg, ZH',2300,'http://www.corning.com');
INSERT INTO schema_otg3.CUSTOMERS (CUSTOMER_ID,NAME,ADDRESS,CREDIT_LIMIT,WEBSITE) VALUES (301,'Univar','1598 Legend St, Bangalore, Kar',5000,'http://www.univar.com');
INSERT INTO schema_otg3.CUSTOMERS (CUSTOMER_ID,NAME,ADDRESS,CREDIT_LIMIT,WEBSITE) VALUES (314,'Thrivent Financial for Lutherans','1617 Crackers St, Bangalore - India, Kar',900,'http://www.thrivent.com');
INSERT INTO schema_otg3.CUSTOMERS (CUSTOMER_ID,NAME,ADDRESS,CREDIT_LIMIT,WEBSITE) VALUES (88,'Walmart','1790 Grand Blvd, Schenectady, NY',1200,'http://www.walmart.com');
INSERT INTO schema_otg3.CUSTOMERS (CUSTOMER_ID,NAME,ADDRESS,CREDIT_LIMIT,WEBSITE) VALUES (89,'Exxon Mobil','7 Ingelside Ln, White Plains, NY',1200,'http://www.exxonmobil.com');
INSERT INTO schema_otg3.CUSTOMERS (CUSTOMER_ID,NAME,ADDRESS,CREDIT_LIMIT,WEBSITE) VALUES (90,'Apple','18 Glenridge Rd, Schenectady, NY',1200,'http://www.apple.com');
INSERT INTO schema_otg3.CUSTOMERS (CUSTOMER_ID,NAME,ADDRESS,CREDIT_LIMIT,WEBSITE) VALUES (91,'Berkshire Hathaway','6432 Rising Sun Ave, Philadelphia, PA',1200,'http://www.berkshirehathaway.com');
INSERT INTO schema_otg3.CUSTOMERS (CUSTOMER_ID,NAME,ADDRESS,CREDIT_LIMIT,WEBSITE) VALUES (92,'McKesson','Rr 10, Reading, PA',1200,'http://www.mckesson.com');
INSERT INTO schema_otg3.CUSTOMERS (CUSTOMER_ID,NAME,ADDRESS,CREDIT_LIMIT,WEBSITE) VALUES (93,'UnitedHealth Group','2455 Rose Garden Rd, Pittsburgh, PA',1200,'http://www.unitedhealthgroup.com');
INSERT INTO schema_otg3.CUSTOMERS (CUSTOMER_ID,NAME,ADDRESS,CREDIT_LIMIT,WEBSITE) VALUES (94,'CVS Health','1812 Timberline Rd, Altoona, PA',1200,'http://www.cvshealth.com');
INSERT INTO schema_otg3.CUSTOMERS (CUSTOMER_ID,NAME,ADDRESS,CREDIT_LIMIT,WEBSITE) VALUES (95,'General Motors','141 Schiller St, Reading, PA',1200,'http://www.gm.com');
INSERT INTO schema_otg3.CUSTOMERS (CUSTOMER_ID,NAME,ADDRESS,CREDIT_LIMIT,WEBSITE) VALUES (96,'Ford Motor','1126 Pawlings Rd, Norristown, PA',1200,'http://www.ford.com');
INSERT INTO schema_otg3.CUSTOMERS (CUSTOMER_ID,NAME,ADDRESS,CREDIT_LIMIT,WEBSITE) VALUES (97,'AT&T','55 Church Hill Rd, Reading, PA',1200,'http://www.att.com');
INSERT INTO schema_otg3.CUSTOMERS (CUSTOMER_ID,NAME,ADDRESS,CREDIT_LIMIT,WEBSITE) VALUES (98,'General Electric','354 N Prince St, Lancaster, PA',1200,'http://www.ge.com');
INSERT INTO schema_otg3.CUSTOMERS (CUSTOMER_ID,NAME,ADDRESS,CREDIT_LIMIT,WEBSITE) VALUES (99,'AmerisourceBergen','115 Chestnut St, Philadelphia, PA',1400,'http://www.amerisourcebergen.com');
INSERT INTO schema_otg3.CUSTOMERS (CUSTOMER_ID,NAME,ADDRESS,CREDIT_LIMIT,WEBSITE) VALUES (100,'Verizon','2899 Grand Ave, Pittsburgh, PA',1400,'http://www.verizon.com');
INSERT INTO schema_otg3.CUSTOMERS (CUSTOMER_ID,NAME,ADDRESS,CREDIT_LIMIT,WEBSITE) VALUES (101,'Chevron','Po Box 39, Indiana, PA',1400,'http://www.chevron.com');
INSERT INTO schema_otg3.CUSTOMERS (CUSTOMER_ID,NAME,ADDRESS,CREDIT_LIMIT,WEBSITE) VALUES (102,'Costco','1604 Broadway Ave, Pittsburgh, PA',1400,'http://www.costco.com');
INSERT INTO schema_otg3.CUSTOMERS (CUSTOMER_ID,NAME,ADDRESS,CREDIT_LIMIT,WEBSITE) VALUES (103,'Fannie Mae','4734 Liberty Ave, Pittsburgh, PA',1400,'http://www.fanniemae.com');
INSERT INTO schema_otg3.CUSTOMERS (CUSTOMER_ID,NAME,ADDRESS,CREDIT_LIMIT,WEBSITE) VALUES (104,'Kroger','21 Thornwood Rd, Harrisburg, PA',1400,'http://www.thekrogerco.com');
INSERT INTO schema_otg3.CUSTOMERS (CUSTOMER_ID,NAME,ADDRESS,CREDIT_LIMIT,WEBSITE) VALUES (105,'Amazon.com','3725 W Lake Rd, Erie, PA',1400,'http://www.amazon.com');
INSERT INTO schema_otg3.CUSTOMERS (CUSTOMER_ID,NAME,ADDRESS,CREDIT_LIMIT,WEBSITE) VALUES (106,'Walgreens Boots Alliance','1808 4Th Ave, Altoona, PA',1400,'http://www.walgreensbootsalliance.com');
INSERT INTO schema_otg3.CUSTOMERS (CUSTOMER_ID,NAME,ADDRESS,CREDIT_LIMIT,WEBSITE) VALUES (107,'HP','Station Sq, Pittsburgh, PA',1400,'http://www.hp.com');
INSERT INTO schema_otg3.CUSTOMERS (CUSTOMER_ID,NAME,ADDRESS,CREDIT_LIMIT,WEBSITE) VALUES (108,'Cardinal Health','4020 Garden Ave, Erie, PA',1400,'http://www.cardinal.com');
INSERT INTO schema_otg3.CUSTOMERS (CUSTOMER_ID,NAME,ADDRESS,CREDIT_LIMIT,WEBSITE) VALUES (109,'Express Scripts Holding','100 N Peach St, Philadelphia, PA',1400,'http://www.express-scripts.com');
INSERT INTO schema_otg3.CUSTOMERS (CUSTOMER_ID,NAME,ADDRESS,CREDIT_LIMIT,WEBSITE) VALUES (110,'J.P. Morgan Chase','835 Heister Ln, Reading, PA',1400,'http://www.jpmorganchase.com');
INSERT INTO schema_otg3.CUSTOMERS (CUSTOMER_ID,NAME,ADDRESS,CREDIT_LIMIT,WEBSITE) VALUES (112,'Boeing','5643 N 5Th St, Philadelphia, PA',1500,'http://www.boeing.com');
INSERT INTO schema_otg3.CUSTOMERS (CUSTOMER_ID,NAME,ADDRESS,CREDIT_LIMIT,WEBSITE) VALUES (113,'Microsoft','1401 W Warren Rd, Bradford, PA',1500,'http://www.microsoft.com');
INSERT INTO schema_otg3.CUSTOMERS (CUSTOMER_ID,NAME,ADDRESS,CREDIT_LIMIT,WEBSITE) VALUES (114,'Bank of America Corp.','815 Freeport Rd, Pittsburgh, PA',1500,'http://www.bankofamerica.com');
INSERT INTO schema_otg3.CUSTOMERS (CUSTOMER_ID,NAME,ADDRESS,CREDIT_LIMIT,WEBSITE) VALUES (115,'Wells Fargo','327 N Washington Ave # 300, Scranton, PA',1900,'http://www.wellsfargo.com');
INSERT INTO schema_otg3.CUSTOMERS (CUSTOMER_ID,NAME,ADDRESS,CREDIT_LIMIT,WEBSITE) VALUES (117,'Home Depot','4901 Locust Ln, Harrisburg, PA',2300,'http://www.homedepcom');
INSERT INTO schema_otg3.CUSTOMERS (CUSTOMER_ID,NAME,ADDRESS,CREDIT_LIMIT,WEBSITE) VALUES (118,'Citigroup','3376 Perrysville Ave, Pittsburgh, PA',2300,'http://www.citigroup.com');
INSERT INTO schema_otg3.CUSTOMERS (CUSTOMER_ID,NAME,ADDRESS,CREDIT_LIMIT,WEBSITE) VALUES (119,'Phillips 66','220 Penn Ave # 300, Scranton, PA',2300,'http://www.phillips66.com');
INSERT INTO schema_otg3.CUSTOMERS (CUSTOMER_ID,NAME,ADDRESS,CREDIT_LIMIT,WEBSITE) VALUES (121,'IBM','522 Swede St, Norristown, PA',2300,'http://www.ibm.com');
INSERT INTO schema_otg3.CUSTOMERS (CUSTOMER_ID,NAME,ADDRESS,CREDIT_LIMIT,WEBSITE) VALUES (122,'Valero Energy','7708 City Ave, Philadelphia, PA',2300,'http://www.valero.com');
INSERT INTO schema_otg3.CUSTOMERS (CUSTOMER_ID,NAME,ADDRESS,CREDIT_LIMIT,WEBSITE) VALUES (123,'Anthem','1801 Lititz Pike, Lancaster, PA',2300,'http://www.antheminc.com');
INSERT INTO schema_otg3.CUSTOMERS (CUSTOMER_ID,NAME,ADDRESS,CREDIT_LIMIT,WEBSITE) VALUES (124,'Procter & Gamble','101 E Olney Ave, Philadelphia, PA',2300,'http://www.pg.com');
INSERT INTO schema_otg3.CUSTOMERS (CUSTOMER_ID,NAME,ADDRESS,CREDIT_LIMIT,WEBSITE) VALUES (127,'Alphabet','36 W 34Th St, Erie, PA',2400,'http://www.google.com');
INSERT INTO schema_otg3.CUSTOMERS (CUSTOMER_ID,NAME,ADDRESS,CREDIT_LIMIT,WEBSITE) VALUES (128,'Comcast','1007 Mount Royal Blvd, Pittsburgh, PA',2400,'http://www.comcastcorporation.com');
INSERT INTO schema_otg3.CUSTOMERS (CUSTOMER_ID,NAME,ADDRESS,CREDIT_LIMIT,WEBSITE) VALUES (129,'Target','601 Market St, Philadelphia, PA',2400,'http://www.target.com');
INSERT INTO schema_otg3.CUSTOMERS (CUSTOMER_ID,NAME,ADDRESS,CREDIT_LIMIT,WEBSITE) VALUES (132,'MetLife','5122 Sinclair Ln, Baltimore, MD',2400,'http://www.metlife.com');
INSERT INTO schema_otg3.CUSTOMERS (CUSTOMER_ID,NAME,ADDRESS,CREDIT_LIMIT,WEBSITE) VALUES (133,'Archer Daniels Midland','680 Bel Air Rd, Bel Air, MD',2400,'http://www.adm.com');
INSERT INTO schema_otg3.CUSTOMERS (CUSTOMER_ID,NAME,ADDRESS,CREDIT_LIMIT,WEBSITE) VALUES (135,'Freddie Mac','8004 Stansbury Rd, Baltimore, MD',2400,'http://www.freddiemac.com');
INSERT INTO schema_otg3.CUSTOMERS (CUSTOMER_ID,NAME,ADDRESS,CREDIT_LIMIT,WEBSITE) VALUES (136,'PepsiCo','10209 Yearling Dr, Rockville, MD',2400,'http://www.pepsico.com');
INSERT INTO schema_otg3.CUSTOMERS (CUSTOMER_ID,NAME,ADDRESS,CREDIT_LIMIT,WEBSITE) VALUES (137,'United Technologies','3000 Greenmount Ave, Baltimore, MD',2400,'http://www.utc.com');
INSERT INTO schema_otg3.CUSTOMERS (CUSTOMER_ID,NAME,ADDRESS,CREDIT_LIMIT,WEBSITE) VALUES (139,'Lowe?s','1262 Vocke Rd, Cumberland, MD',2400,'http://www.lowes.com');
INSERT INTO schema_otg3.CUSTOMERS (CUSTOMER_ID,NAME,ADDRESS,CREDIT_LIMIT,WEBSITE) VALUES (140,'UPS','3314 Eastern Ave, Baltimore, MD',2400,'http://www.ups.com');
INSERT INTO schema_otg3.CUSTOMERS (CUSTOMER_ID,NAME,ADDRESS,CREDIT_LIMIT,WEBSITE) VALUES (142,'Prudential Financial','11200 Scaggsville Rd, Laurel, MD',2400,'http://www.prudential.com');
INSERT INTO schema_otg3.CUSTOMERS (CUSTOMER_ID,NAME,ADDRESS,CREDIT_LIMIT,WEBSITE) VALUES (144,'Humana','2300 Harford Rd, Baltimore, MD',2400,'http://www.humana.com');
INSERT INTO schema_otg3.CUSTOMERS (CUSTOMER_ID,NAME,ADDRESS,CREDIT_LIMIT,WEBSITE) VALUES (145,'Disney','2 2Nd St # A, Ocean City, MD',2400,'http://www.disney.com');
INSERT INTO schema_otg3.CUSTOMERS (CUSTOMER_ID,NAME,ADDRESS,CREDIT_LIMIT,WEBSITE) VALUES (146,'Cisco Systems','6917 W Oklahoma Ave, Milwaukee, WI',2400,'http://www.cisco.com');
INSERT INTO schema_otg3.CUSTOMERS (CUSTOMER_ID,NAME,ADDRESS,CREDIT_LIMIT,WEBSITE) VALUES (148,'Dow Chemical','160 Glenwood Ave, Minneapolis, MN',2400,'http://www.dow.com');
INSERT INTO schema_otg3.CUSTOMERS (CUSTOMER_ID,NAME,ADDRESS,CREDIT_LIMIT,WEBSITE) VALUES (149,'Sysco','6915 Grand Ave, Hammond, IN',2400,'http://www.sysco.com');
INSERT INTO schema_otg3.CUSTOMERS (CUSTOMER_ID,NAME,ADDRESS,CREDIT_LIMIT,WEBSITE) VALUES (151,'Caterpillar','65 Cadillac Sq # 2701, Detroit, MI',2500,'http://www.caterpillar.com');
INSERT INTO schema_otg3.CUSTOMERS (CUSTOMER_ID,NAME,ADDRESS,CREDIT_LIMIT,WEBSITE) VALUES (152,'Lockheed Martin','3435 Tuscany Dr Se, Grand Rapids, MI',2500,'http://www.lockheedmartin.com');
INSERT INTO schema_otg3.CUSTOMERS (CUSTOMER_ID,NAME,ADDRESS,CREDIT_LIMIT,WEBSITE) VALUES (155,'Coca-Cola','810 1St Ave, Council Bluffs, IA',3500,'http://www.coca-colacompany.com');
INSERT INTO schema_otg3.CUSTOMERS (CUSTOMER_ID,NAME,ADDRESS,CREDIT_LIMIT,WEBSITE) VALUES (156,'HCA Holdings','500 W Oklahoma Ave, Milwaukee, WI',3500,'http://www.hcahealthcare.com');
INSERT INTO schema_otg3.CUSTOMERS (CUSTOMER_ID,NAME,ADDRESS,CREDIT_LIMIT,WEBSITE) VALUES (159,'Energy Transfer Equity','1721 E Lake St, Minneapolis, MN',3600,'http://www.energytransfer.com');
INSERT INTO schema_otg3.CUSTOMERS (CUSTOMER_ID,NAME,ADDRESS,CREDIT_LIMIT,WEBSITE) VALUES (160,'Tyson Foods','255 Great Arrow Ave, Buffalo, NY',3600,'http://www.tysonfoods.com');
INSERT INTO schema_otg3.CUSTOMERS (CUSTOMER_ID,NAME,ADDRESS,CREDIT_LIMIT,WEBSITE) VALUES (162,'Delta Air Lines','6640 Campbell Blvd, Lockport, NY',3600,'http://www.delta.com');
INSERT INTO schema_otg3.CUSTOMERS (CUSTOMER_ID,NAME,ADDRESS,CREDIT_LIMIT,WEBSITE) VALUES (164,'Nationwide','1136 Arch St, Philadelphia, PA',3600,'http://www.nationwide.com');
INSERT INTO schema_otg3.CUSTOMERS (CUSTOMER_ID,NAME,ADDRESS,CREDIT_LIMIT,WEBSITE) VALUES (166,'Best Buy','Rt 6 E, Warren, PA',3700,'http://www.bestbuy.com');
INSERT INTO schema_otg3.CUSTOMERS (CUSTOMER_ID,NAME,ADDRESS,CREDIT_LIMIT,WEBSITE) VALUES (167,'Merck','1924 Bedford St, Cumberland, MD',3700,'http://www.merck.com');
INSERT INTO schema_otg3.CUSTOMERS (CUSTOMER_ID,NAME,ADDRESS,CREDIT_LIMIT,WEBSITE) VALUES (169,'Liberty Mutual Insurance Group','2713 N Bendix Dr, South Bend, IN',3700,'http://www.libertymutual.com');
INSERT INTO schema_otg3.CUSTOMERS (CUSTOMER_ID,NAME,ADDRESS,CREDIT_LIMIT,WEBSITE) VALUES (171,'Honeywell International','752 W Huron St, Pontiac, MI',3700,'http://www.honeywell.com');
INSERT INTO schema_otg3.CUSTOMERS (CUSTOMER_ID,NAME,ADDRESS,CREDIT_LIMIT,WEBSITE) VALUES (173,'Massachusetts Mutual Life Insurance','1330 N Memorial Dr, Racine, WI',5000,'http://www.massmutual.com');
INSERT INTO schema_otg3.CUSTOMERS (CUSTOMER_ID,NAME,ADDRESS,CREDIT_LIMIT,WEBSITE) VALUES (175,'Morgan Stanley','8 Automation Ln, Albany, NY',5000,'http://www.morganstanley.com');
INSERT INTO schema_otg3.CUSTOMERS (CUSTOMER_ID,NAME,ADDRESS,CREDIT_LIMIT,WEBSITE) VALUES (176,'Cigna','811 N Brandywine Ave, Schenectady, NY',5000,'http://www.cigna.com');
INSERT INTO schema_otg3.CUSTOMERS (CUSTOMER_ID,NAME,ADDRESS,CREDIT_LIMIT,WEBSITE) VALUES (178,'Allstate','3025 Sussex Ave, Pittsburgh, PA',5000,'http://www.allstate.com');
INSERT INTO schema_otg3.CUSTOMERS (CUSTOMER_ID,NAME,ADDRESS,CREDIT_LIMIT,WEBSITE) VALUES (179,'TIAA','932 High St, Lancaster, PA',5000,'http://www.tiaa.org');
INSERT INTO schema_otg3.CUSTOMERS (CUSTOMER_ID,NAME,ADDRESS,CREDIT_LIMIT,WEBSITE) VALUES (181,'CHS','6959 Tulip St, Philadelphia, PA',5000,'http://www.chsinc.com');
INSERT INTO schema_otg3.CUSTOMERS (CUSTOMER_ID,NAME,ADDRESS,CREDIT_LIMIT,WEBSITE) VALUES (182,'American Express','511 S Central Ave # A, Baltimore, MD',5000,'http://www.americanexpress.com');
INSERT INTO schema_otg3.CUSTOMERS (CUSTOMER_ID,NAME,ADDRESS,CREDIT_LIMIT,WEBSITE) VALUES (183,'Gilead Sciences','400 E Joppa Rd, Baltimore, MD',5000,'http://www.gilead.com');
INSERT INTO schema_otg3.CUSTOMERS (CUSTOMER_ID,NAME,ADDRESS,CREDIT_LIMIT,WEBSITE) VALUES (185,'General Dynamics','1796 Tsing Tao, Muang Nonthaburi, ',1200,'http://www.generaldynamics.com');
INSERT INTO schema_otg3.CUSTOMERS (CUSTOMER_ID,NAME,ADDRESS,CREDIT_LIMIT,WEBSITE) VALUES (186,'TJX','1810 Tucker Crt, Mumbai, ',5000,'http://www.tjx.com');
INSERT INTO schema_otg3.CUSTOMERS (CUSTOMER_ID,NAME,ADDRESS,CREDIT_LIMIT,WEBSITE) VALUES (188,'Nike','Sendlinger Tor 4, Munich, ',2400,'http://www.nike.com');
INSERT INTO schema_otg3.CUSTOMERS (CUSTOMER_ID,NAME,ADDRESS,CREDIT_LIMIT,WEBSITE) VALUES (189,'World Fuel Services','Theresienstr 15, Munich, ',2400,'http://www.wfscorp.com');
INSERT INTO schema_otg3.CUSTOMERS (CUSTOMER_ID,NAME,ADDRESS,CREDIT_LIMIT,WEBSITE) VALUES (191,'Mondelez International','1822 Ironweed St, Toronto, ONT',1200,'http://www.mondelezinternational.com');
INSERT INTO schema_otg3.CUSTOMERS (CUSTOMER_ID,NAME,ADDRESS,CREDIT_LIMIT,WEBSITE) VALUES (193,'Twenty-First Century Fox','Via Notoriosa 1932 Rd, Firenze, ',500,'http://www.21cf.com');
INSERT INTO schema_otg3.CUSTOMERS (CUSTOMER_ID,NAME,ADDRESS,CREDIT_LIMIT,WEBSITE) VALUES (194,'Deere','Via Notoriosa 1941, Firenze, ',500,'http://www.johndeere.com');
INSERT INTO schema_otg3.CUSTOMERS (CUSTOMER_ID,NAME,ADDRESS,CREDIT_LIMIT,WEBSITE) VALUES (209,'Time Warner','Via Delle Grazie 11, Tellaro, ',2400,'http://www.timewarner.com');
INSERT INTO schema_otg3.CUSTOMERS (CUSTOMER_ID,NAME,ADDRESS,CREDIT_LIMIT,WEBSITE) VALUES (196,'DuPont','Via Notoriosa 1943, Firenze, ',2400,'http://www.dupont.com');
INSERT INTO schema_otg3.CUSTOMERS (CUSTOMER_ID,NAME,ADDRESS,CREDIT_LIMIT,WEBSITE) VALUES (197,'Avnet','Via Luminosa 162, Tellaro, ',700,'http://www.avnet.com');
INSERT INTO schema_otg3.CUSTOMERS (CUSTOMER_ID,NAME,ADDRESS,CREDIT_LIMIT,WEBSITE) VALUES (199,'Macy?s','Via Di Firenze 231, Tellaro, ',700,'http://www.macysinc.com');
INSERT INTO schema_otg3.CUSTOMERS (CUSTOMER_ID,NAME,ADDRESS,CREDIT_LIMIT,WEBSITE) VALUES (201,'Travelers Cos.','Via Frenzy 6903, Tellaro, ',3600,'http://www.travelers.com');
INSERT INTO schema_otg3.CUSTOMERS (CUSTOMER_ID,NAME,ADDRESS,CREDIT_LIMIT,WEBSITE) VALUES (203,'Philip Morris International','Piazza Quattre Stagioni 4, San Giminiano, ',3600,'http://www.pmi.com');
INSERT INTO schema_otg3.CUSTOMERS (CUSTOMER_ID,NAME,ADDRESS,CREDIT_LIMIT,WEBSITE) VALUES (205,'Tech Data','Via Notoriosa 1932, Tellaro, ',3600,'http://www.techdata.com');
INSERT INTO schema_otg3.CUSTOMERS (CUSTOMER_ID,NAME,ADDRESS,CREDIT_LIMIT,WEBSITE) VALUES (211,'McDonald?s','2034 Sabrina Rd, Samutprakarn, ',3700,'http://www.aboutmcdonalds.com');
INSERT INTO schema_otg3.CUSTOMERS (CUSTOMER_ID,NAME,ADDRESS,CREDIT_LIMIT,WEBSITE) VALUES (213,'Sears Holdings','Ruella Delle Spiriti, Milano, ',500,'http://www.searsholdings.com');
INSERT INTO schema_otg3.CUSTOMERS (CUSTOMER_ID,NAME,ADDRESS,CREDIT_LIMIT,WEBSITE) VALUES (215,'Capital One Financial','Via Delle Capeletti 52, San Giminiano, ',1500,'http://www.capitalone.com');
INSERT INTO schema_otg3.CUSTOMERS (CUSTOMER_ID,NAME,ADDRESS,CREDIT_LIMIT,WEBSITE) VALUES (217,'USAA','Via Delli Capelli 2, San Giminiano, ',700,'http://www.usaa.com');
INSERT INTO schema_otg3.CUSTOMERS (CUSTOMER_ID,NAME,ADDRESS,CREDIT_LIMIT,WEBSITE) VALUES (219,'Duke Energy','1593 Silverado St, Bangalore, Kar',5000,'http://www.duke-energy.com');
INSERT INTO schema_otg3.CUSTOMERS (CUSTOMER_ID,NAME,ADDRESS,CREDIT_LIMIT,WEBSITE) VALUES (221,'Halliburton','1602 Sholay St, Chennai, Tam',1500,'http://www.halliburton.com');
INSERT INTO schema_otg3.CUSTOMERS (CUSTOMER_ID,NAME,ADDRESS,CREDIT_LIMIT,WEBSITE) VALUES (224,'Arrow Electronics','1607 Sangam Blvd, New Delhi, ',5000,'http://www.arrow.com');
INSERT INTO schema_otg3.CUSTOMERS (CUSTOMER_ID,NAME,ADDRESS,CREDIT_LIMIT,WEBSITE) VALUES (1,'Raytheon','514 W Superior St, Kokomo, IN',100,'http://www.raytheon.com');
INSERT INTO schema_otg3.CUSTOMERS (CUSTOMER_ID,NAME,ADDRESS,CREDIT_LIMIT,WEBSITE) VALUES (2,'Plains GP Holdings','2515 Bloyd Ave, Indianapolis, IN',100,'http://www.plainsallamerican.com');
INSERT INTO schema_otg3.CUSTOMERS (CUSTOMER_ID,NAME,ADDRESS,CREDIT_LIMIT,WEBSITE) VALUES (3,'US Foods Holding','8768 N State Rd 37, Bloomington, IN',100,'http://www.usfoods.com');
INSERT INTO schema_otg3.CUSTOMERS (CUSTOMER_ID,NAME,ADDRESS,CREDIT_LIMIT,WEBSITE) VALUES (4,'AbbVie','6445 Bay Harbor Ln, Indianapolis, IN',100,'http://www.abbvie.com');
INSERT INTO schema_otg3.CUSTOMERS (CUSTOMER_ID,NAME,ADDRESS,CREDIT_LIMIT,WEBSITE) VALUES (5,'Centene','4019 W 3Rd St, Bloomington, IN',100,'http://www.centene.com');
INSERT INTO schema_otg3.CUSTOMERS (CUSTOMER_ID,NAME,ADDRESS,CREDIT_LIMIT,WEBSITE) VALUES (6,'Community Health Systems','1608 Portage Ave, South Bend, IN',100,'http://www.chs.net');
INSERT INTO schema_otg3.CUSTOMERS (CUSTOMER_ID,NAME,ADDRESS,CREDIT_LIMIT,WEBSITE) VALUES (7,'Alcoa','23943 Us Highway 33, Elkhart, IN',100,'http://www.alcoa.com');
INSERT INTO schema_otg3.CUSTOMERS (CUSTOMER_ID,NAME,ADDRESS,CREDIT_LIMIT,WEBSITE) VALUES (8,'International Paper','136 E Market St # 800, Indianapolis, IN',100,'http://www.internationalpaper.com');
INSERT INTO schema_otg3.CUSTOMERS (CUSTOMER_ID,NAME,ADDRESS,CREDIT_LIMIT,WEBSITE) VALUES (9,'Emerson Electric','1905 College St, South Bend, IN',100,'http://www.emerson.com');
INSERT INTO schema_otg3.CUSTOMERS (CUSTOMER_ID,NAME,ADDRESS,CREDIT_LIMIT,WEBSITE) VALUES (10,'Union Pacific','3512 Rockville Rd # 137C, Indianapolis, IN',200,'http://www.up.com');
INSERT INTO schema_otg3.CUSTOMERS (CUSTOMER_ID,NAME,ADDRESS,CREDIT_LIMIT,WEBSITE) VALUES (11,'Amgen','1303 E University St, Bloomington, IN',200,'http://www.amgen.com');
INSERT INTO schema_otg3.CUSTOMERS (CUSTOMER_ID,NAME,ADDRESS,CREDIT_LIMIT,WEBSITE) VALUES (12,'U.S. Bancorp','115 N Weinbach Ave, Evansville, IN',200,'http://www.usbank.com');
INSERT INTO schema_otg3.CUSTOMERS (CUSTOMER_ID,NAME,ADDRESS,CREDIT_LIMIT,WEBSITE) VALUES (13,'Staples','2067 Rollett Ln, Evansville, IN',200,'http://www.staples.com');
INSERT INTO schema_otg3.CUSTOMERS (CUSTOMER_ID,NAME,ADDRESS,CREDIT_LIMIT,WEBSITE) VALUES (14,'Danaher','1105 E Allendale Dr, Bloomington, IN',200,'http://www.danaher.com');
INSERT INTO schema_otg3.CUSTOMERS (CUSTOMER_ID,NAME,ADDRESS,CREDIT_LIMIT,WEBSITE) VALUES (15,'Whirlpool','18305 Van Dyke St, Detroit, MI',200,'http://www.whirlpoolcorp.com');
INSERT INTO schema_otg3.CUSTOMERS (CUSTOMER_ID,NAME,ADDRESS,CREDIT_LIMIT,WEBSITE) VALUES (16,'Aflac','Lucas Dr Bldg 348, Detroit, MI',200,'http://www.aflac.com');
INSERT INTO schema_otg3.CUSTOMERS (CUSTOMER_ID,NAME,ADDRESS,CREDIT_LIMIT,WEBSITE) VALUES (17,'AutoNation','1801 Monroe Ave Nw, Grand Rapids, MI',200,'http://www.autonation.com');
INSERT INTO schema_otg3.CUSTOMERS (CUSTOMER_ID,NAME,ADDRESS,CREDIT_LIMIT,WEBSITE) VALUES (18,'Progressive','4925 Kendrick St Se, Grand Rapids, MI',200,'http://www.progressive.com');
INSERT INTO schema_otg3.CUSTOMERS (CUSTOMER_ID,NAME,ADDRESS,CREDIT_LIMIT,WEBSITE) VALUES (19,'Abbott Laboratories','3310 Dixie Ct, Saginaw, MI',200,'http://www.abbott.com');
INSERT INTO schema_otg3.CUSTOMERS (CUSTOMER_ID,NAME,ADDRESS,CREDIT_LIMIT,WEBSITE) VALUES (20,'Dollar General','113 Washington Sq N, Lansing, MI',200,'http://www.dollargeneral.com');
INSERT INTO schema_otg3.CUSTOMERS (CUSTOMER_ID,NAME,ADDRESS,CREDIT_LIMIT,WEBSITE) VALUES (21,'Tenet Healthcare','2500 S Pennsylvania Ave, Lansing, MI',200,'http://www.tenethealth.com');
INSERT INTO schema_otg3.CUSTOMERS (CUSTOMER_ID,NAME,ADDRESS,CREDIT_LIMIT,WEBSITE) VALUES (22,'Eli Lilly','3213 S Cedar St, Lansing, MI',200,'http://www.lilly.com');
INSERT INTO schema_otg3.CUSTOMERS (CUSTOMER_ID,NAME,ADDRESS,CREDIT_LIMIT,WEBSITE) VALUES (24,'Southwest Airlines','6654 W Lafayette St, Detroit, MI',200,'http://www.southwest.com');
INSERT INTO schema_otg3.CUSTOMERS (CUSTOMER_ID,NAME,ADDRESS,CREDIT_LIMIT,WEBSITE) VALUES (25,'Penske Automotive Group','27 Benton Rd, Saginaw, MI',200,'http://www.penskeautomotive.com');
INSERT INTO schema_otg3.CUSTOMERS (CUSTOMER_ID,NAME,ADDRESS,CREDIT_LIMIT,WEBSITE) VALUES (26,'ManpowerGroup','8201 Livernois Ave, Detroit, MI',300,'http://www.manpowergroup.com');
INSERT INTO schema_otg3.CUSTOMERS (CUSTOMER_ID,NAME,ADDRESS,CREDIT_LIMIT,WEBSITE) VALUES (28,'Kohl?s','3100 E Eisenhower Pky # 100, Ann Arbor, MI',300,'http://www.kohlscorporation.com');
INSERT INTO schema_otg3.CUSTOMERS (CUSTOMER_ID,NAME,ADDRESS,CREDIT_LIMIT,WEBSITE) VALUES (29,'Starbucks','952 Vassar Dr, Kalamazoo, MI',400,'http://www.starbucks.com');
INSERT INTO schema_otg3.CUSTOMERS (CUSTOMER_ID,NAME,ADDRESS,CREDIT_LIMIT,WEBSITE) VALUES (30,'Paccar','150 W Jefferson Ave # 2500, Detroit, MI',400,'http://www.paccar.com');
INSERT INTO schema_otg3.CUSTOMERS (CUSTOMER_ID,NAME,ADDRESS,CREDIT_LIMIT,WEBSITE) VALUES (31,'Cummins','40 Pearl St Nw # 1020, Grand Rapids, MI',400,'http://www.cummins.com');
INSERT INTO schema_otg3.CUSTOMERS (CUSTOMER_ID,NAME,ADDRESS,CREDIT_LIMIT,WEBSITE) VALUES (33,'Altria Group','301 E Genesee Ave, Saginaw, MI',400,'http://www.altria.com');
INSERT INTO schema_otg3.CUSTOMERS (CUSTOMER_ID,NAME,ADDRESS,CREDIT_LIMIT,WEBSITE) VALUES (34,'Xerox','9936 Dexter Ave, Detroit, MI',400,'http://www.xerox.com');
INSERT INTO schema_otg3.CUSTOMERS (CUSTOMER_ID,NAME,ADDRESS,CREDIT_LIMIT,WEBSITE) VALUES (35,'Kimberly-Clark','1660 University Ter, Ann Arbor, MI',400,'http://www.kimberly-clark.com');
INSERT INTO schema_otg3.CUSTOMERS (CUSTOMER_ID,NAME,ADDRESS,CREDIT_LIMIT,WEBSITE) VALUES (36,'Hartford Financial Services Group','15713 N East St, Lansing, MI',400,'http://www.thehartford.com');
INSERT INTO schema_otg3.CUSTOMERS (CUSTOMER_ID,NAME,ADDRESS,CREDIT_LIMIT,WEBSITE) VALUES (38,'Kraft Heinz','10315 Hickman Rd, Des Moines, IA',500,'http://www.kraftheinzcompany.com');
INSERT INTO schema_otg3.CUSTOMERS (CUSTOMER_ID,NAME,ADDRESS,CREDIT_LIMIT,WEBSITE) VALUES (40,'Fluor','1928 Sherwood Dr, Council Bluffs, IA',500,'http://www.fluor.com');
INSERT INTO schema_otg3.CUSTOMERS (CUSTOMER_ID,NAME,ADDRESS,CREDIT_LIMIT,WEBSITE) VALUES (41,'AECOM','2102 E Kimberly Rd, Davenport, IA',500,'http://www.aecom.com');
INSERT INTO schema_otg3.CUSTOMERS (CUSTOMER_ID,NAME,ADDRESS,CREDIT_LIMIT,WEBSITE) VALUES (44,'Jabil Circuit','221 3Rd Ave Se # 300, Cedar Rapids, IA',500,'http://www.jabil.com');
INSERT INTO schema_otg3.CUSTOMERS (CUSTOMER_ID,NAME,ADDRESS,CREDIT_LIMIT,WEBSITE) VALUES (45,'CenturyLink','2120 Heights Dr, Eau Claire, WI',500,'http://www.centurylink.com');
INSERT INTO schema_otg3.CUSTOMERS (CUSTOMER_ID,NAME,ADDRESS,CREDIT_LIMIT,WEBSITE) VALUES (47,'General Mills','6555 W Good Hope Rd, Milwaukee, WI',600,'http://www.generalmills.com');
INSERT INTO schema_otg3.CUSTOMERS (CUSTOMER_ID,NAME,ADDRESS,CREDIT_LIMIT,WEBSITE) VALUES (48,'Southern','1314 N Stoughton Rd, Madison, WI',600,'http://www.southerncompany.com');
INSERT INTO schema_otg3.CUSTOMERS (CUSTOMER_ID,NAME,ADDRESS,CREDIT_LIMIT,WEBSITE) VALUES (50,'Thermo Fisher Scientific','6161 N 64Th St, Milwaukee, WI',700,'http://www.thermofisher.com');
INSERT INTO schema_otg3.CUSTOMERS (CUSTOMER_ID,NAME,ADDRESS,CREDIT_LIMIT,WEBSITE) VALUES (51,'American Electric Power','11016 W Lincoln Ave, Milwaukee, WI',700,'http://www.aep.com');
INSERT INTO schema_otg3.CUSTOMERS (CUSTOMER_ID,NAME,ADDRESS,CREDIT_LIMIT,WEBSITE) VALUES (53,'NGL Energy Partners','615 N Sherman Ave, Madison, WI',700,'http://www.nglenergypartners.com');
INSERT INTO schema_otg3.CUSTOMERS (CUSTOMER_ID,NAME,ADDRESS,CREDIT_LIMIT,WEBSITE) VALUES (54,'Bristol-Myers Squibb','512 E Grand Ave, Beloit, WI',700,'http://www.bms.com');
INSERT INTO schema_otg3.CUSTOMERS (CUSTOMER_ID,NAME,ADDRESS,CREDIT_LIMIT,WEBSITE) VALUES (56,'Nucor','5235 N Ironwood Ln, Milwaukee, WI',700,'http://www.nucor.com');
INSERT INTO schema_otg3.CUSTOMERS (CUSTOMER_ID,NAME,ADDRESS,CREDIT_LIMIT,WEBSITE) VALUES (57,'PNC Financial Services Group','322 E Michigan St, Milwaukee, WI',700,'http://www.pnc.com');
INSERT INTO schema_otg3.CUSTOMERS (CUSTOMER_ID,NAME,ADDRESS,CREDIT_LIMIT,WEBSITE) VALUES (58,'Health Net','1400 Bellinger St Fl 4, Eau Claire, WI',700,'http://www.healthnet.com');
INSERT INTO schema_otg3.CUSTOMERS (CUSTOMER_ID,NAME,ADDRESS,CREDIT_LIMIT,WEBSITE) VALUES (60,'Colgate-Palmolive','808 3Rd St # 100, Wausau, WI',700,'http://www.colgatepalmolive.com');
INSERT INTO schema_otg3.CUSTOMERS (CUSTOMER_ID,NAME,ADDRESS,CREDIT_LIMIT,WEBSITE) VALUES (61,'Freeport-McMoRan','300 Crooks St, Green Bay, WI',900,'http://www.fcx.com');
INSERT INTO schema_otg3.CUSTOMERS (CUSTOMER_ID,NAME,ADDRESS,CREDIT_LIMIT,WEBSITE) VALUES (64,'Gap','2122 Campbell Rd, La Crosse, WI',1200,'http://www.gapinc.com');
INSERT INTO schema_otg3.CUSTOMERS (CUSTOMER_ID,NAME,ADDRESS,CREDIT_LIMIT,WEBSITE) VALUES (65,'Baker Hughes','3324 N Oakland Ave, Milwaukee, WI',1200,'http://www.bakerhughes.com');
INSERT INTO schema_otg3.CUSTOMERS (CUSTOMER_ID,NAME,ADDRESS,CREDIT_LIMIT,WEBSITE) VALUES (67,'Dollar Tree','1501 Lowry Ave N, Minneapolis, MN',1200,'http://www.dollartree.com');
INSERT INTO schema_otg3.CUSTOMERS (CUSTOMER_ID,NAME,ADDRESS,CREDIT_LIMIT,WEBSITE) VALUES (69,'Whole Foods Market','4200 Yosemite Ave S, Minneapolis, MN',1200,'http://www.wholefoodsmarket.com');
INSERT INTO schema_otg3.CUSTOMERS (CUSTOMER_ID,NAME,ADDRESS,CREDIT_LIMIT,WEBSITE) VALUES (70,'PPG Industries','2800 Chicago Ave # 100, Minneapolis, MN',1200,'http://www.ppg.com');
INSERT INTO schema_otg3.CUSTOMERS (CUSTOMER_ID,NAME,ADDRESS,CREDIT_LIMIT,WEBSITE) VALUES (72,'Icahn Enterprises','314 W Superior St # 1015, Duluth, MN',1200,'http://www.ielp.com');
INSERT INTO schema_otg3.CUSTOMERS (CUSTOMER_ID,NAME,ADDRESS,CREDIT_LIMIT,WEBSITE) VALUES (74,'Performance Food Group','2720 Brewerton Rd, Syracuse, NY',1200,'http://www.pfgc.com');
INSERT INTO schema_otg3.CUSTOMERS (CUSTOMER_ID,NAME,ADDRESS,CREDIT_LIMIT,WEBSITE) VALUES (76,'DISH Network','1522 Main St, Niagara Falls, NY',1200,'http://www.dish.com');
INSERT INTO schema_otg3.CUSTOMERS (CUSTOMER_ID,NAME,ADDRESS,CREDIT_LIMIT,WEBSITE) VALUES (77,'FirstEnergy','49 N Pine Ave, Albany, NY',1200,'http://www.firstenergycorp.com');
INSERT INTO schema_otg3.CUSTOMERS (CUSTOMER_ID,NAME,ADDRESS,CREDIT_LIMIT,WEBSITE) VALUES (80,'AES','33 Fulton St, Poughkeepsie, NY',1200,'http://www.aes.com');
INSERT INTO schema_otg3.CUSTOMERS (CUSTOMER_ID,NAME,ADDRESS,CREDIT_LIMIT,WEBSITE) VALUES (81,'CarMax','2360 Maxon Rd, Schenectady, NY',1200,'http://www.carmax.com');
INSERT INTO schema_otg3.CUSTOMERS (CUSTOMER_ID,NAME,ADDRESS,CREDIT_LIMIT,WEBSITE) VALUES (84,'NRG Energy','500 S Salina St # 500, Syracuse, NY',1200,'http://www.nrgenergy.com');
INSERT INTO schema_otg3.CUSTOMERS (CUSTOMER_ID,NAME,ADDRESS,CREDIT_LIMIT,WEBSITE) VALUES (85,'Western Digital','33 Pine St, Lockport, NY',1200,'http://www.westerndigital.com');
INSERT INTO schema_otg3.CUSTOMERS (CUSTOMER_ID,NAME,ADDRESS,CREDIT_LIMIT,WEBSITE) VALUES (226,'Office Depot','1612 Talaivar St, Chennai, Tam',5000,'http://www.officedepcom');
INSERT INTO schema_otg3.CUSTOMERS (CUSTOMER_ID,NAME,ADDRESS,CREDIT_LIMIT,WEBSITE) VALUES (227,'Nordstrom','1613 Victoria St, Calcutta, ',5000,'http://www.nordstrom.com');
INSERT INTO schema_otg3.CUSTOMERS (CUSTOMER_ID,NAME,ADDRESS,CREDIT_LIMIT,WEBSITE) VALUES (229,'Aramark','1615 Crackers Crt, Chennai - India, ',300,'http://www.aramark.com');
INSERT INTO schema_otg3.CUSTOMERS (CUSTOMER_ID,NAME,ADDRESS,CREDIT_LIMIT,WEBSITE) VALUES (230,'DaVita HealthCare Partners','1616 Mr. India Ln, Bombay - India, Kar',300,'http://www.davita.com');
INSERT INTO schema_otg3.CUSTOMERS (CUSTOMER_ID,NAME,ADDRESS,CREDIT_LIMIT,WEBSITE) VALUES (232,'WellCare Health Plans','1618 Villains St, New Delhi - India, ',1200,'http://www.wellcare.com');
INSERT INTO schema_otg3.CUSTOMERS (CUSTOMER_ID,NAME,ADDRESS,CREDIT_LIMIT,WEBSITE) VALUES (233,'CBS','1619 Bowlers Rd, Chandigarh, Har',1200,'http://www.cbscorporation.com');
INSERT INTO schema_otg3.CUSTOMERS (CUSTOMER_ID,NAME,ADDRESS,CREDIT_LIMIT,WEBSITE) VALUES (234,'Visa','1620 Sixers Crt, Bombay, Kar',5000,'http://www.visa.com');
INSERT INTO schema_otg3.CUSTOMERS (CUSTOMER_ID,NAME,ADDRESS,CREDIT_LIMIT,WEBSITE) VALUES (236,'Ecolab','1623 Hey Ram St, Chennai - India, ',5000,'http://www.ecolab.com');
INSERT INTO schema_otg3.CUSTOMERS (CUSTOMER_ID,NAME,ADDRESS,CREDIT_LIMIT,WEBSITE) VALUES (237,'Kellogg','1627 Sowdagar St, New Delhi, ',1900,'http://www.kelloggcompany.com');
INSERT INTO schema_otg3.CUSTOMERS (CUSTOMER_ID,NAME,ADDRESS,CREDIT_LIMIT,WEBSITE) VALUES (239,'Textron','1632 Splash St, Chandigarh, Har',2500,'http://www.textron.com');
INSERT INTO schema_otg3.CUSTOMERS (CUSTOMER_ID,NAME,ADDRESS,CREDIT_LIMIT,WEBSITE) VALUES (240,'Loews','1636 Pretty Blvd, Bangalore, Kar',5000,'http://www.loews.com');
INSERT INTO schema_otg3.CUSTOMERS (CUSTOMER_ID,NAME,ADDRESS,CREDIT_LIMIT,WEBSITE) VALUES (241,'Illinois Tool Works','1646 Brazil Blvd, Chennai, Tam',500,'http://www.itw.com');
INSERT INTO schema_otg3.CUSTOMERS (CUSTOMER_ID,NAME,ADDRESS,CREDIT_LIMIT,WEBSITE) VALUES (244,'Viacom','1650 Teesri Manjil Crt, Kashmir, ',3700,'http://www.viacom.com');
INSERT INTO schema_otg3.CUSTOMERS (CUSTOMER_ID,NAME,ADDRESS,CREDIT_LIMIT,WEBSITE) VALUES (246,'Land O?Lakes','1662 Talaivar St, Chennai, Tam',1500,'http://www.landolakesinc.com');
INSERT INTO schema_otg3.CUSTOMERS (CUSTOMER_ID,NAME,ADDRESS,CREDIT_LIMIT,WEBSITE) VALUES (248,'Devon Energy','Piazza Del Congresso 22, Roma, ',3700,'http://www.devonenergy.com');
INSERT INTO schema_otg3.CUSTOMERS (CUSTOMER_ID,NAME,ADDRESS,CREDIT_LIMIT,WEBSITE) VALUES (251,'Yum Brands','Ruella Delle Spiriti, Roma, ',500,'http://www.yum.com');
INSERT INTO schema_otg3.CUSTOMERS (CUSTOMER_ID,NAME,ADDRESS,CREDIT_LIMIT,WEBSITE) VALUES (252,'Texas Instruments','Via Del Disegno 194, Roma, ',500,'http://www.ti.com');
INSERT INTO schema_otg3.CUSTOMERS (CUSTOMER_ID,NAME,ADDRESS,CREDIT_LIMIT,WEBSITE) VALUES (253,'CDW','Via Delle Capeletti 52, Roma, ',500,'http://www.cdw.com');
INSERT INTO schema_otg3.CUSTOMERS (CUSTOMER_ID,NAME,ADDRESS,CREDIT_LIMIT,WEBSITE) VALUES (256,'Marsh & McLennan','Via Dolorosa 69, Roma, ',2400,'http://www.mmc.com');
INSERT INTO schema_otg3.CUSTOMERS (CUSTOMER_ID,NAME,ADDRESS,CREDIT_LIMIT,WEBSITE) VALUES (257,'Chesapeake Energy','Via Notoriosa 1942, Ventimiglia, ',700,'http://www.chk.com');
INSERT INTO schema_otg3.CUSTOMERS (CUSTOMER_ID,NAME,ADDRESS,CREDIT_LIMIT,WEBSITE) VALUES (260,'Occidental Petroleum','Piazza Cacchiatore 23, Roma, ',700,'http://www.oxy.com');
INSERT INTO schema_otg3.CUSTOMERS (CUSTOMER_ID,NAME,ADDRESS,CREDIT_LIMIT,WEBSITE) VALUES (261,'Guardian Life Ins. Co. of America','Via Del Disegno 194, San Giminiano, ',600,'http://www.guardianlife.com');
INSERT INTO schema_otg3.CUSTOMERS (CUSTOMER_ID,NAME,ADDRESS,CREDIT_LIMIT,WEBSITE) VALUES (264,'J.C. Penney','Via Dello Croce 93, San Giminiano, ',400,'http://www.jcpenney.com');
INSERT INTO schema_otg3.CUSTOMERS (CUSTOMER_ID,NAME,ADDRESS,CREDIT_LIMIT,WEBSITE) VALUES (265,'Consolidated Edison','Ruella Delle Spiriti, San Giminiano, ',400,'http://www.conedison.com');
INSERT INTO schema_otg3.CUSTOMERS (CUSTOMER_ID,NAME,ADDRESS,CREDIT_LIMIT,WEBSITE) VALUES (267,'Cognizant Technology Solutions','Via Delli Capelli 2, Tellaro, ',400,'http://www.cognizant.com');
INSERT INTO schema_otg3.CUSTOMERS (CUSTOMER_ID,NAME,ADDRESS,CREDIT_LIMIT,WEBSITE) VALUES (269,'Ameriprise Financial','Harmoniegasse 3, Baden-Daettwil, AG',500,'http://www.ameriprise.com');
INSERT INTO schema_otg3.CUSTOMERS (CUSTOMER_ID,NAME,ADDRESS,CREDIT_LIMIT,WEBSITE) VALUES (271,'Computer Sciences','Alfred E. Neumann-Weg 3, Baden-Daettwil, AG',500,'http://www.csc.com');
INSERT INTO schema_otg3.CUSTOMERS (CUSTOMER_ID,NAME,ADDRESS,CREDIT_LIMIT,WEBSITE) VALUES (272,'L Brands','Dr. Herbert Bitto Str 23, Baden-Daettwil, AG',2300,'http://www.lb.com');
INSERT INTO schema_otg3.CUSTOMERS (CUSTOMER_ID,NAME,ADDRESS,CREDIT_LIMIT,WEBSITE) VALUES (273,'Jacobs Engineering Group','Taefernstr 4, Baden-Daettwil, AG',2300,'http://www.jacobs.com');
INSERT INTO schema_otg3.CUSTOMERS (CUSTOMER_ID,NAME,ADDRESS,CREDIT_LIMIT,WEBSITE) VALUES (275,'Principal Financial','Helebardenweg 5, Baden-Daettwil, AG',3500,'http://www.principal.com');
INSERT INTO schema_otg3.CUSTOMERS (CUSTOMER_ID,NAME,ADDRESS,CREDIT_LIMIT,WEBSITE) VALUES (276,'Ross Stores','Zum Freundlichen Nachbarn 5, Baden-Daettwil, AG',3500,'http://www.rossstores.com');
INSERT INTO schema_otg3.CUSTOMERS (CUSTOMER_ID,NAME,ADDRESS,CREDIT_LIMIT,WEBSITE) VALUES (277,'Bed Bath & Beyond','Ziegenwiese 3, Baden-Daettwil, AG',3500,'http://www.bedbathandbeyond.com');
INSERT INTO schema_otg3.CUSTOMERS (CUSTOMER_ID,NAME,ADDRESS,CREDIT_LIMIT,WEBSITE) VALUES (278,'CSX','Am Waldrand 5, Baden-Daettwil, AG',3500,'http://www.csx.com');
INSERT INTO schema_otg3.CUSTOMERS (CUSTOMER_ID,NAME,ADDRESS,CREDIT_LIMIT,WEBSITE) VALUES (279,'Toys ?R? Us','Zur Kantine 9, Baden-Daettwil, AG',1200,'http://www.toysrusinc.com');
INSERT INTO schema_otg3.CUSTOMERS (CUSTOMER_ID,NAME,ADDRESS,CREDIT_LIMIT,WEBSITE) VALUES (280,'Las Vegas Sands','Grosse Bahnhostrasse 3, Baden-Daettwil, AG',1200,'http://www.sands.com');
INSERT INTO schema_otg3.CUSTOMERS (CUSTOMER_ID,NAME,ADDRESS,CREDIT_LIMIT,WEBSITE) VALUES (281,'Leucadia National','Paradeplatz 4, Zuerich, ZH',1200,'http://www.leucadia.com');
INSERT INTO schema_otg3.CUSTOMERS (CUSTOMER_ID,NAME,ADDRESS,CREDIT_LIMIT,WEBSITE) VALUES (282,'Dominion Resources','Badenerstr 1941, Zuerich, ZH',3500,'http://www.dom.com');
INSERT INTO schema_otg3.CUSTOMERS (CUSTOMER_ID,NAME,ADDRESS,CREDIT_LIMIT,WEBSITE) VALUES (283,'United States Steel','Welschdoerfchen 1941, Chur, ZH',3500,'http://www.ussteel.com');
INSERT INTO schema_otg3.CUSTOMERS (CUSTOMER_ID,NAME,ADDRESS,CREDIT_LIMIT,WEBSITE) VALUES (284,'L-3 Communications','Le Reduit, Tschiertschen, GR',1400,'http://www.l-3com.com');
INSERT INTO schema_otg3.CUSTOMERS (CUSTOMER_ID,NAME,ADDRESS,CREDIT_LIMIT,WEBSITE) VALUES (285,'Edison International','Bendlehn, Trogen, SG',1400,'http://www.edisoninvestor.com');
INSERT INTO schema_otg3.CUSTOMERS (CUSTOMER_ID,NAME,ADDRESS,CREDIT_LIMIT,WEBSITE) VALUES (286,'Entergy','Spisertor 3, St. Gallen, SG',1400,'http://www.entergy.com');
INSERT INTO schema_otg3.CUSTOMERS (CUSTOMER_ID,NAME,ADDRESS,CREDIT_LIMIT,WEBSITE) VALUES (287,'ADP','Langstr 14, Zuerich, ZH',700,'http://www.adp.com');
INSERT INTO schema_otg3.CUSTOMERS (CUSTOMER_ID,NAME,ADDRESS,CREDIT_LIMIT,WEBSITE) VALUES (288,'First Data','Roessligasse 4, Zurich, ZH',700,'http://www.firstdata.com');
INSERT INTO schema_otg3.CUSTOMERS (CUSTOMER_ID,NAME,ADDRESS,CREDIT_LIMIT,WEBSITE) VALUES (289,'BlackRock','Zum Froehlichen Schweizer 3, Zurich, ZH',5000,'http://www.blackrock.com');
INSERT INTO schema_otg3.CUSTOMERS (CUSTOMER_ID,NAME,ADDRESS,CREDIT_LIMIT,WEBSITE) VALUES (290,'WestRock','Chrottenweg, Bern, BE',5000,'http://www.westrock.com');
INSERT INTO schema_otg3.CUSTOMERS (CUSTOMER_ID,NAME,ADDRESS,CREDIT_LIMIT,WEBSITE) VALUES (291,'Voya Financial','Bruppacher Str 3, Baden-Daettwil, AG',5000,'http://www.voya.com');
INSERT INTO schema_otg3.CUSTOMERS (CUSTOMER_ID,NAME,ADDRESS,CREDIT_LIMIT,WEBSITE) VALUES (292,'Sherwin-Williams','Limmatquai, Zuerich, ZH',1800,'http://www.sherwin.com');
INSERT INTO schema_otg3.CUSTOMERS (CUSTOMER_ID,NAME,ADDRESS,CREDIT_LIMIT,WEBSITE) VALUES (293,'Hilton Worldwide Holdings','Dreikoenigsstr 3, Zurich, ZH',1800,'http://www.hiltonworldwide.com');
INSERT INTO schema_otg3.CUSTOMERS (CUSTOMER_ID,NAME,ADDRESS,CREDIT_LIMIT,WEBSITE) VALUES (295,'R.R. Donnelley & Sons','Kreuzstr 32, Zurich, ZH',2300,'http://www.rrdonnelley.com');
INSERT INTO schema_otg3.CUSTOMERS (CUSTOMER_ID,NAME,ADDRESS,CREDIT_LIMIT,WEBSITE) VALUES (296,'Stanley Black & Decker','1539 Stripes Rd, Baden-Daettwil, AG',2300,'http://www.stanleyblackanddecker.com');
INSERT INTO schema_otg3.CUSTOMERS (CUSTOMER_ID,NAME,ADDRESS,CREDIT_LIMIT,WEBSITE) VALUES (299,'Murphy USA','1593 Silverado St, Bangalore, Kar',1400,'http://corporate.murphyusa.com');
INSERT INTO schema_otg3.CUSTOMERS (CUSTOMER_ID,NAME,ADDRESS,CREDIT_LIMIT,WEBSITE) VALUES (300,'CBRE Group','1596 Commando Blvd, Bangalore, Kar',1200,'http://www.cbre.com');
INSERT INTO schema_otg3.CUSTOMERS (CUSTOMER_ID,NAME,ADDRESS,CREDIT_LIMIT,WEBSITE) VALUES (302,'D.R. Horton','1599 Legend Rd, Bangalore, Kar',5000,'http://www.drhorton.com');
INSERT INTO schema_otg3.CUSTOMERS (CUSTOMER_ID,NAME,ADDRESS,CREDIT_LIMIT,WEBSITE) VALUES (303,'Estee Lauder','1600 Target Crt, Bangalore, Kar',5000,'http://www.elcompanies.com');
INSERT INTO schema_otg3.CUSTOMERS (CUSTOMER_ID,NAME,ADDRESS,CREDIT_LIMIT,WEBSITE) VALUES (304,'Praxair','1603 Rebel St, Bangalore, Kar',500,'http://www.praxair.com');
INSERT INTO schema_otg3.CUSTOMERS (CUSTOMER_ID,NAME,ADDRESS,CREDIT_LIMIT,WEBSITE) VALUES (305,'Biogen','1604 Volunteers Rd, Bangalore, Kar',500,'http://www.biogen.com');
INSERT INTO schema_otg3.CUSTOMERS (CUSTOMER_ID,NAME,ADDRESS,CREDIT_LIMIT,WEBSITE) VALUES (307,'State Street Corp.','1607 Abwdrts St, Bangalore, Kar',3500,'http://www.statestreet.com');
INSERT INTO schema_otg3.CUSTOMERS (CUSTOMER_ID,NAME,ADDRESS,CREDIT_LIMIT,WEBSITE) VALUES (308,'Unum Group','1608 Amadeus St, Bangalore, Kar',3500,'http://www.unum.com');
INSERT INTO schema_otg3.CUSTOMERS (CUSTOMER_ID,NAME,ADDRESS,CREDIT_LIMIT,WEBSITE) VALUES (309,'Reynolds American','1610 Betrayal Crt, Bangalore, Kar',5000,'http://www.reynoldsamerican.com');
INSERT INTO schema_otg3.CUSTOMERS (CUSTOMER_ID,NAME,ADDRESS,CREDIT_LIMIT,WEBSITE) VALUES (311,'Group 1 Automotive','1614 Crackers Rd, Bangalore - India, Kar',2300,'http://www.group1auto.com');
INSERT INTO schema_otg3.CUSTOMERS (CUSTOMER_ID,NAME,ADDRESS,CREDIT_LIMIT,WEBSITE) VALUES (312,'Henry Schein','1615 Crackers Crt, Bangalore - India, Kar',5000,'http://www.henryschein.com');
INSERT INTO schema_otg3.CUSTOMERS (CUSTOMER_ID,NAME,ADDRESS,CREDIT_LIMIT,WEBSITE) VALUES (315,'Norfolk Southern','1618 Footloose St, Bangalore - India, Kar',900,'http://www.nscorp.com');
INSERT INTO schema_otg3.CUSTOMERS (CUSTOMER_ID,NAME,ADDRESS,CREDIT_LIMIT,WEBSITE) VALUES (316,'Reinsurance Group of America','1619 Footloose Rd, Bangalore - India, Kar',900,'http://www.rgare.com');
INSERT INTO schema_otg3.CUSTOMERS (CUSTOMER_ID,NAME,ADDRESS,CREDIT_LIMIT,WEBSITE) VALUES (317,'Public Service Enterprise Group','1621 Gargon! Blvd, Bangalore - India, Kar',600,'http://www.pseg.com');
INSERT INTO schema_otg3.CUSTOMERS (CUSTOMER_ID,NAME,ADDRESS,CREDIT_LIMIT,WEBSITE) VALUES (23,'DTE Energy','8110 Jackson Rd, Ann Arbor, MI',200,'http://www.dteenergy.com');
INSERT INTO schema_otg3.CUSTOMERS (CUSTOMER_ID,NAME,ADDRESS,CREDIT_LIMIT,WEBSITE) VALUES (27,'Assurant','101 N Falahee Rd, Jackson, MI',300,'http://www.assurant.com');
INSERT INTO schema_otg3.CUSTOMERS (CUSTOMER_ID,NAME,ADDRESS,CREDIT_LIMIT,WEBSITE) VALUES (37,'Huntsman','555 John F Kennedy Rd, Dubuque, IA',500,'http://www.huntsman.com');
INSERT INTO schema_otg3.CUSTOMERS (CUSTOMER_ID,NAME,ADDRESS,CREDIT_LIMIT,WEBSITE) VALUES (42,'Becton Dickinson','1691 Asbury Rd, Dubuque, IA',500,'http://www.bd.com');
INSERT INTO schema_otg3.CUSTOMERS (CUSTOMER_ID,NAME,ADDRESS,CREDIT_LIMIT,WEBSITE) VALUES (68,'AutoZone','113 N 1St St, Minneapolis, MN',1200,'http://www.autozone.com');
INSERT INTO schema_otg3.CUSTOMERS (CUSTOMER_ID,NAME,ADDRESS,CREDIT_LIMIT,WEBSITE) VALUES (73,'Navistar International','1409 Willow St # 600, Minneapolis, MN',1200,'http://www.navistar.com');
INSERT INTO schema_otg3.CUSTOMERS (CUSTOMER_ID,NAME,ADDRESS,CREDIT_LIMIT,WEBSITE) VALUES (82,'Discover Financial Services','85 High St, Buffalo, NY',1200,'http://www.discoverfinancial.com');
INSERT INTO schema_otg3.CUSTOMERS (CUSTOMER_ID,NAME,ADDRESS,CREDIT_LIMIT,WEBSITE) VALUES (87,'Liberty Interactive','2979 Hamburg St, Schenectady, NY',1200,'http://www.libertyinteractive.com');
INSERT INTO schema_otg3.CUSTOMERS (CUSTOMER_ID,NAME,ADDRESS,CREDIT_LIMIT,WEBSITE) VALUES (116,'Baxter International','810 Race St, Philadelphia, PA',1900,'http://www.baxter.com');
INSERT INTO schema_otg3.CUSTOMERS (CUSTOMER_ID,NAME,ADDRESS,CREDIT_LIMIT,WEBSITE) VALUES (120,'Stryker','135 S 18Th St # 1, Philadelphia, PA',2300,'http://www.stryker.com');
INSERT INTO schema_otg3.CUSTOMERS (CUSTOMER_ID,NAME,ADDRESS,CREDIT_LIMIT,WEBSITE) VALUES (130,'Western Refining','5565 Baynton St, Philadelphia, PA',2400,'http://www.wnr.com');
INSERT INTO schema_otg3.CUSTOMERS (CUSTOMER_ID,NAME,ADDRESS,CREDIT_LIMIT,WEBSITE) VALUES (154,'Universal Health Services','1751 Madison Ave, Council Bluffs, IA',3500,'http://www.uhsinc.com');
INSERT INTO schema_otg3.CUSTOMERS (CUSTOMER_ID,NAME,ADDRESS,CREDIT_LIMIT,WEBSITE) VALUES (158,'Owens & Minor','310 Broadway St, Alexandria, MN',3600,'http://www.owens-minor.com');
INSERT INTO schema_otg3.CUSTOMERS (CUSTOMER_ID,NAME,ADDRESS,CREDIT_LIMIT,WEBSITE) VALUES (168,'Advance Auto Parts','2674 Collingwood St, Detroit, MI',3700,'http://www.advanceautoparts.com');
INSERT INTO schema_otg3.CUSTOMERS (CUSTOMER_ID,NAME,ADDRESS,CREDIT_LIMIT,WEBSITE) VALUES (172,'MasterCard','660 Woodward Ave # 2290, Detroit, MI',3700,'http://www.mastercard.com');
INSERT INTO schema_otg3.CUSTOMERS (CUSTOMER_ID,NAME,ADDRESS,CREDIT_LIMIT,WEBSITE) VALUES (198,'Eastman Chemical','2017 Convoy St, Tokyo, ',2400,'http://www.eastman.com');
INSERT INTO schema_otg3.CUSTOMERS (CUSTOMER_ID,NAME,ADDRESS,CREDIT_LIMIT,WEBSITE) VALUES (202,'Sonic Automotive','Piazza Del Congresso 22, San Giminiano, ',3600,'http://www.sonicautomotive.com');
INSERT INTO schema_otg3.CUSTOMERS (CUSTOMER_ID,NAME,ADDRESS,CREDIT_LIMIT,WEBSITE) VALUES (210,'CST Brands','2033 Spartacus St, Samutprakarn, ',3700,'http://www.cstbrands.com');
INSERT INTO schema_otg3.CUSTOMERS (CUSTOMER_ID,NAME,ADDRESS,CREDIT_LIMIT,WEBSITE) VALUES (214,'eBay','Via Del Disegno 194, Milano, ',1500,'http://www.ebay.com');
INSERT INTO schema_otg3.CUSTOMERS (CUSTOMER_ID,NAME,ADDRESS,CREDIT_LIMIT,WEBSITE) VALUES (222,'GameStop','1605 Bazigar Crt, Pune, ',5000,'http://www.gamestopcorp.com');
INSERT INTO schema_otg3.CUSTOMERS (CUSTOMER_ID,NAME,ADDRESS,CREDIT_LIMIT,WEBSITE) VALUES (225,'Reliance Steel & Aluminum','1609 Pakija Rd, New Delhi, ',3700,'http://www.rsac.com');
INSERT INTO schema_otg3.CUSTOMERS (CUSTOMER_ID,NAME,ADDRESS,CREDIT_LIMIT,WEBSITE) VALUES (247,'Celgene','1667 2010 St, Batavia, Ker',500,'http://www.celgene.com');
INSERT INTO schema_otg3.CUSTOMERS (CUSTOMER_ID,NAME,ADDRESS,CREDIT_LIMIT,WEBSITE) VALUES (250,'Genworth Financial','Piazza Svizzera, Roma, ',2400,'http://www.genworth.com');
INSERT INTO schema_otg3.CUSTOMERS (CUSTOMER_ID,NAME,ADDRESS,CREDIT_LIMIT,WEBSITE) VALUES (258,'Priceline Group','Via Notoriosa 1943, Ventimiglia, ',700,'http://www.pricelinegroup.com');
INSERT INTO schema_otg3.CUSTOMERS (CUSTOMER_ID,NAME,ADDRESS,CREDIT_LIMIT,WEBSITE) VALUES (262,'MGM Resorts International','Piazza Svizzera, San Giminiano, ',100,'http://www.mgmresorts.com');
INSERT INTO schema_otg3.CUSTOMERS (CUSTOMER_ID,NAME,ADDRESS,CREDIT_LIMIT,WEBSITE) VALUES (270,'Fidelity National Financial','Sonnenberg 4, Baden-Daettwil, AG',500,'http://www.fnf.com');
INSERT INTO schema_otg3.CUSTOMERS (CUSTOMER_ID,NAME,ADDRESS,CREDIT_LIMIT,WEBSITE) VALUES (274,'Republic Services','Kreuzritterplatz 5, Baden-Daettwil, AG',3500,'http://www.republicservices.com');
INSERT INTO schema_otg3.CUSTOMERS (CUSTOMER_ID,NAME,ADDRESS,CREDIT_LIMIT,WEBSITE) VALUES (298,'Peter Kiewit Sons?','1592 Silverado St, Bangalore, Kar',1400,'http://www.kiewit.com');
INSERT INTO schema_otg3.CUSTOMERS (CUSTOMER_ID,NAME,ADDRESS,CREDIT_LIMIT,WEBSITE) VALUES (306,'Mosaic','1606 Volunteers Blvd, Bangalore, Kar',3500,'http://www.mosaicco.com');
INSERT INTO schema_otg3.CUSTOMERS (CUSTOMER_ID,NAME,ADDRESS,CREDIT_LIMIT,WEBSITE) VALUES (310,'Core-Mark Holding','1611 Carmen Blvd, Bangalore, Kar',5000,'http://www.core-mark.com');
INSERT INTO schema_otg3.CUSTOMERS (CUSTOMER_ID,NAME,ADDRESS,CREDIT_LIMIT,WEBSITE) VALUES (318,'Cameron International','1667 2010 St, Batavia, IL',200,'http://www.c-a-m.com');
INSERT INTO schema_otg3.CUSTOMERS (CUSTOMER_ID,NAME,ADDRESS,CREDIT_LIMIT,WEBSITE) VALUES (297,'Xcel Energy','1540 Stripes Crt, Baden-Daettwil, AG',400,'http://www.xcelenergy.com');
INSERT INTO schema_otg3.CUSTOMERS (CUSTOMER_ID,NAME,ADDRESS,CREDIT_LIMIT,WEBSITE) VALUES (126,'State Farm Insurance Cos.','223 4Th Ave # 1100, Pittsburgh, PA',2300,'http://www.statefarm.com');
INSERT INTO schema_otg3.CUSTOMERS (CUSTOMER_ID,NAME,ADDRESS,CREDIT_LIMIT,WEBSITE) VALUES (131,'Johnson & Johnson','5640 Fishers Ln, Rockville, MD',2400,'http://www.jnj.com');
INSERT INTO schema_otg3.CUSTOMERS (CUSTOMER_ID,NAME,ADDRESS,CREDIT_LIMIT,WEBSITE) VALUES (134,'Marathon Petroleum','4301 Ashland Ave, Baltimore, MD',2400,'http://www.marathonpetroleum.com');
INSERT INTO schema_otg3.CUSTOMERS (CUSTOMER_ID,NAME,ADDRESS,CREDIT_LIMIT,WEBSITE) VALUES (138,'Aetna','200 E Fort Ave, Baltimore, MD',2400,'http://www.aetna.com');
INSERT INTO schema_otg3.CUSTOMERS (CUSTOMER_ID,NAME,ADDRESS,CREDIT_LIMIT,WEBSITE) VALUES (141,'AIG','12817 Coastal Hwy, Ocean City, MD',2400,'http://www.aig.com');
INSERT INTO schema_otg3.CUSTOMERS (CUSTOMER_ID,NAME,ADDRESS,CREDIT_LIMIT,WEBSITE) VALUES (143,'Intel','9435 Washington Blvd N # M, Laurel, MD',2400,'http://www.intel.com');
INSERT INTO schema_otg3.CUSTOMERS (CUSTOMER_ID,NAME,ADDRESS,CREDIT_LIMIT,WEBSITE) VALUES (147,'Pfizer','206 S Broadway # 707, Rochester, MN',2400,'http://www.pfizer.com');
INSERT INTO schema_otg3.CUSTOMERS (CUSTOMER_ID,NAME,ADDRESS,CREDIT_LIMIT,WEBSITE) VALUES (150,'FedEx','2215 Oak Industrial Dr Ne, Grand Rapids, MI',2400,'http://www.fedex.com');
INSERT INTO schema_otg3.CUSTOMERS (CUSTOMER_ID,NAME,ADDRESS,CREDIT_LIMIT,WEBSITE) VALUES (153,'New York Life Insurance','215 4Th Ave Se, Cedar Rapids, IA',2500,'http://www.newyorklife.com');
INSERT INTO schema_otg3.CUSTOMERS (CUSTOMER_ID,NAME,ADDRESS,CREDIT_LIMIT,WEBSITE) VALUES (157,'Ingram Micro','4811 S 76Th St # 205, Milwaukee, WI',3600,'http://www.ingrammicro.com');
INSERT INTO schema_otg3.CUSTOMERS (CUSTOMER_ID,NAME,ADDRESS,CREDIT_LIMIT,WEBSITE) VALUES (161,'American Airlines Group','800 Carter St, Rochester, NY',3600,'http://www.aa.com');
INSERT INTO schema_otg3.CUSTOMERS (CUSTOMER_ID,NAME,ADDRESS,CREDIT_LIMIT,WEBSITE) VALUES (165,'Johnson Controls','6Th And Master St, Philadelphia, PA',3600,'http://www.johnsoncontrols.com');
INSERT INTO schema_otg3.CUSTOMERS (CUSTOMER_ID,NAME,ADDRESS,CREDIT_LIMIT,WEBSITE) VALUES (170,'Goldman Sachs Group','23985 Bedford Rd N, Battle Creek, MI',3700,'http://www.gs.com');
INSERT INTO schema_otg3.CUSTOMERS (CUSTOMER_ID,NAME,ADDRESS,CREDIT_LIMIT,WEBSITE) VALUES (174,'Oracle','701 Seneca St, Buffalo, NY',5000,'http://www.oracle.com');

-- Commit
COMMIT;